CustomerID,ChurnProbability
CUST_0,0.1000082858217809
CUST_1,0.1022462360882697
CUST_2,0.09458987868441092
CUST_3,0.05872216671112049
CUST_4,0.0647666725639177
CUST_5,0.06664090933857883
CUST_6,0.06505896071950296
CUST_7,0.08502262559218476
CUST_8,0.06999645443047238
CUST_9,0.05697003998848111
CUST_10,0.19681449616699345
CUST_11,0.09154901895690286
CUST_12,0.07416853706683128
CUST_13,0.08986836547661159
CUST_14,0.0548991690067017
CUST_15,0.07872656950616291
CUST_16,0.061323511676444065
CUST_17,0.056081782859523484
CUST_18,0.05147799380914425
CUST_19,0.054771587440464654
CUST_20,0.07279897974787936
CUST_21,0.07554087480606848
CUST_22,0.22481956939913586
CUST_23,0.09965053737955405
CUST_24,0.06780756215269768
CUST_25,0.05493714310942747
CUST_26,0.05368393520367914
CUST_27,0.06890283719660202
CUST_28,0.07913705678876369
CUST_29,0.07178774888378305
CUST_30,0.07984705623478401
CUST_31,0.05544966832264712
CUST_32,0.1030964925305955
CUST_33,0.04832312719558412
CUST_34,0.0622308179097994
CUST_35,0.07443820921618152
CUST_36,0.0625679548904351
CUST_37,0.14515781352647208
CUST_38,0.07546192814272294
CUST_39,0.07061388726458906
CUST_40,0.08423508315162138
CUST_41,0.07377637864762181
CUST_42,0.06371330934529168
CUST_43,0.07781232186892821
CUST_44,0.07300852139381707
CUST_45,0.06914622034219713
CUST_46,0.0847201641724118
CUST_47,0.13833763041289104
CUST_48,0.06419747650560474
CUST_49,0.057064471337306986
CUST_50,0.06322990706718855
CUST_51,0.15264702398218363
CUST_52,0.06041674260788446
CUST_53,0.07902395168266717
CUST_54,0.1064997956166583
CUST_55,0.07180679481718409
CUST_56,0.06499094769544607
CUST_57,0.12628573261336398
CUST_58,0.057629500752217434
CUST_59,0.05839607904626403
CUST_60,0.07745258419353915
CUST_61,0.036620401835105974
CUST_62,0.0760281620323557
CUST_63,0.06406872238216103
CUST_64,0.04304945507783517
CUST_65,0.04604375164900577
CUST_66,0.10750546924414234
CUST_67,0.04833100044258987
CUST_68,0.08021413137180235
CUST_69,0.080701411471682
CUST_70,0.10226157770825801
CUST_71,0.08622831157497284
CUST_72,0.09115333796503838
CUST_73,0.10763404529421011
CUST_74,0.10747139192141635
CUST_75,0.07203784742378504
CUST_76,0.04849649254221122
CUST_77,0.0711072613105011
CUST_78,0.06391155884390946
CUST_79,0.08057969757972361
CUST_80,0.14102211457816413
CUST_81,0.0544420589557174
CUST_82,0.06737268398619016
CUST_83,0.08195252791891758
CUST_84,0.05524753739864396
CUST_85,0.058118158576070646
CUST_86,0.04971239331868733
CUST_87,0.08829929972510454
CUST_88,0.08229143280088637
CUST_89,0.07905201315741549
CUST_90,0.05560014548552903
CUST_91,0.056589907701518484
CUST_92,0.060790308260918136
CUST_93,0.07155581992315815
CUST_94,0.06323734706264304
CUST_95,0.08830726164773788
CUST_96,0.05941931517904723
CUST_97,0.07808711422709819
CUST_98,0.0640079878789048
CUST_99,0.06698806406955869
CUST_100,0.07823156151728651
CUST_101,0.09574556390143057
CUST_102,0.0577337106724265
CUST_103,0.06369930451646925
CUST_104,0.07556494870094377
CUST_105,0.07425538100229581
CUST_106,0.0841958712574351
CUST_107,0.05350394530531314
CUST_108,0.0941714970187677
CUST_109,0.11852321690559392
CUST_110,0.06308342213569978
CUST_111,0.09314552754997914
CUST_112,0.07531800458036189
CUST_113,0.052024711056137714
CUST_114,0.0899691938343654
CUST_115,0.12775738671114276
CUST_116,0.10097888277415763
CUST_117,0.07546678126879174
CUST_118,0.07418299973944308
CUST_119,0.06976308721790313
CUST_120,0.0547402964769953
CUST_121,0.04348723096451792
CUST_122,0.05724015983494326
CUST_123,0.07987669771576966
CUST_124,0.10419008796496233
CUST_125,0.060114062553731445
CUST_126,0.0707635255409022
CUST_127,0.04832075010430922
CUST_128,0.07386831800129925
CUST_129,0.08738757370813997
CUST_130,0.06546719383408404
CUST_131,0.05594812805863111
CUST_132,0.06193042475979695
CUST_133,0.033674989885218526
CUST_134,0.049568246774455614
CUST_135,0.1186228423560378
CUST_136,0.10638031964521395
CUST_137,0.10566791468496611
CUST_138,0.10565277545432761
CUST_139,0.12807836977658024
CUST_140,0.08618064845067673
CUST_141,0.08769431312051139
CUST_142,0.08015957473515853
CUST_143,0.05453061289137792
CUST_144,0.10419552813464787
CUST_145,0.1383307866948277
CUST_146,0.04191116894374061
CUST_147,0.04760022748917877
CUST_148,0.058303030769738924
CUST_149,0.06465982483920389
CUST_150,0.061828441066151076
CUST_151,0.05949447495268667
CUST_152,0.17839060625834147
CUST_153,0.06095325268724542
CUST_154,0.08473081998631705
CUST_155,0.08628490398443513
CUST_156,0.04957910442925248
CUST_157,0.09847388474657455
CUST_158,0.09230024833157864
CUST_159,0.05704459721530943
CUST_160,0.05712954602294588
CUST_161,0.12078440993927414
CUST_162,0.05399286451386206
CUST_163,0.059567961397142294
CUST_164,0.06737468593545515
CUST_165,0.08873201010009929
CUST_166,0.07285436916215697
CUST_167,0.04903552312744808
CUST_168,0.06053382613114807
CUST_169,0.05168607974541569
CUST_170,0.07497721723883806
CUST_171,0.0758820301055608
CUST_172,0.041667537244340996
CUST_173,0.08151190965986506
CUST_174,0.07684065237186448
CUST_175,0.060498347144347625
CUST_176,0.08325467708722672
CUST_177,0.06958892042765409
CUST_178,0.09563191220238572
CUST_179,0.0749964001826325
CUST_180,0.07305352140424255
CUST_181,0.11255616139789049
CUST_182,0.07381413805925115
CUST_183,0.06896331755685671
CUST_184,0.08411399556291649
CUST_185,0.08992366206330442
CUST_186,0.07466476056716341
CUST_187,0.07034738248978077
CUST_188,0.07867088877950913
CUST_189,0.07512100019188134
CUST_190,0.07041349905650367
CUST_191,0.07781971068636094
CUST_192,0.06122076247335695
CUST_193,0.08109238130204145
CUST_194,0.08833032762432497
CUST_195,0.06386691750143116
CUST_196,0.06740171330937932
CUST_197,0.06795661532828835
CUST_198,0.08975580749233192
CUST_199,0.2556708094261011
CUST_200,0.057251220063315726
CUST_201,0.042753256831624446
CUST_202,0.06731539371281732
CUST_203,0.07263297997928615
CUST_204,0.040602791994605425
CUST_205,0.14378851962930414
CUST_206,0.045948927981166295
CUST_207,0.05704775852623877
CUST_208,0.06853400121653619
CUST_209,0.0653843966460842
CUST_210,0.055550272036057
CUST_211,0.06993775637854993
CUST_212,0.06860124726163595
CUST_213,0.046417335894053925
CUST_214,0.04137116568507668
CUST_215,0.10125521311691747
CUST_216,0.08017541330081178
CUST_217,0.057576827517555405
CUST_218,0.05344047966964249
CUST_219,0.06050831057748357
CUST_220,0.07878393807707866
CUST_221,0.05806275270870228
CUST_222,0.07116410740706706
CUST_223,0.09219208938203466
CUST_224,0.07617678729546913
CUST_225,0.05342211767803345
CUST_226,0.06685656906294342
CUST_227,0.058999764974430345
CUST_228,0.054820462745760155
CUST_229,0.11460148108175129
CUST_230,0.07356667655009387
CUST_231,0.0963903273895359
CUST_232,0.05350915008429429
CUST_233,0.0793946886948856
CUST_234,0.060205360995922295
CUST_235,0.07197035882571529
CUST_236,0.0772295423261035
CUST_237,0.05413212357565484
CUST_238,0.10293959965184385
CUST_239,0.07770789425728498
CUST_240,0.0645888753931658
CUST_241,0.06473816161502101
CUST_242,0.08416662221649372
CUST_243,0.05106899389295321
CUST_244,0.0848659094549268
CUST_245,0.0670660078227148
CUST_246,0.06078179561913386
CUST_247,0.058098953093766524
CUST_248,0.07446326870459423
CUST_249,0.05398294717039176
CUST_250,0.07982312003561498
CUST_251,0.07493193808506293
CUST_252,0.04814827082381654
CUST_253,0.0945359816505335
CUST_254,0.04474042534027662
CUST_255,0.10933326529990317
CUST_256,0.06639530922568256
CUST_257,0.07445099651198299
CUST_258,0.06871449704997805
CUST_259,0.07689774921684239
CUST_260,0.0694565512134828
CUST_261,0.046159614641619405
CUST_262,0.0698507937599079
CUST_263,0.07965889584440332
CUST_264,0.05293790887453059
CUST_265,0.0747315872212143
CUST_266,0.07143915459551463
CUST_267,0.05910066215616661
CUST_268,0.0774771888862161
CUST_269,0.13501855172104996
CUST_270,0.06787941585367821
CUST_271,0.04332546215577935
CUST_272,0.06557289804784563
CUST_273,0.07291920462589684
CUST_274,0.08837570304779817
CUST_275,0.06477107065028848
CUST_276,0.1623824299442055
CUST_277,0.04732066226132481
CUST_278,0.04822247849798717
CUST_279,0.05506018442531577
CUST_280,0.051469247845512954
CUST_281,0.054543955927568555
CUST_282,0.0607676273965391
CUST_283,0.09479470715139236
CUST_284,0.17795696077006484
CUST_285,0.06764715697222516
CUST_286,0.07434693925885293
CUST_287,0.06599514634669518
CUST_288,0.06339534123031261
CUST_289,0.06019892244947225
CUST_290,0.06408437487604644
CUST_291,0.09171525430097312
CUST_292,0.07327716114692061
CUST_293,0.07785164010032064
CUST_294,0.11513033143725533
CUST_295,0.055565979765182294
CUST_296,0.09369751015117911
CUST_297,0.05036484567440974
CUST_298,0.053409332628964135
CUST_299,0.09039545369324713
CUST_300,0.0642957965269632
CUST_301,0.11992216374580705
CUST_302,0.09973047474442537
CUST_303,0.050907367481465904
CUST_304,0.07509487394251511
CUST_305,0.0401108819634378
CUST_306,0.055129311369125196
CUST_307,0.06169601784426195
CUST_308,0.135430115616196
CUST_309,0.05539882208728853
CUST_310,0.0764581932065536
CUST_311,0.08422751720163246
CUST_312,0.0567825480329767
CUST_313,0.0695304445828044
CUST_314,0.0727292244891687
CUST_315,0.082733298917738
CUST_316,0.03710131722417918
CUST_317,0.06072158537598507
CUST_318,0.07246230243763431
CUST_319,0.07262651894677903
CUST_320,0.048514555375193426
CUST_321,0.06560672940150462
CUST_322,0.10478553383362317
CUST_323,0.1209792401396204
CUST_324,0.07183034733455002
CUST_325,0.06782967211798613
CUST_326,0.06245735290308132
CUST_327,0.04870333866647594
CUST_328,0.06035039096149233
CUST_329,0.15216834543297705
CUST_330,0.04487376374438606
CUST_331,0.058712893761426
CUST_332,0.0600707252683895
CUST_333,0.1553493608296669
CUST_334,0.15096928817073632
CUST_335,0.07927623810354971
CUST_336,0.08184182385771833
CUST_337,0.09385625931340806
CUST_338,0.06857444150937879
CUST_339,0.04865810409820104
CUST_340,0.07198561545372693
CUST_341,0.08548438211176974
CUST_342,0.06548648363227018
CUST_343,0.05222491882225
CUST_344,0.06483564080017286
CUST_345,0.060820301124287234
CUST_346,0.05497531132643693
CUST_347,0.04216236867336912
CUST_348,0.07426860563064537
CUST_349,0.0426210617177142
CUST_350,0.09311641972421753
CUST_351,0.1893194561736875
CUST_352,0.06682787455331608
CUST_353,0.05227781359862118
CUST_354,0.03531495245982571
CUST_355,0.1694625298286501
CUST_356,0.049180688692889135
CUST_357,0.06490636138569811
CUST_358,0.062101790468979894
CUST_359,0.0639310094291195
CUST_360,0.13180764720511753
CUST_361,0.050561960409546226
CUST_362,0.08435899029580303
CUST_363,0.1494883948613156
CUST_364,0.05911141498156308
CUST_365,0.08975276884410677
CUST_366,0.06728130063664076
CUST_367,0.0683133014662509
CUST_368,0.06499891049265318
CUST_369,0.07321584590879911
CUST_370,0.050454420204385036
CUST_371,0.056106262626673974
CUST_372,0.05878356094652798
CUST_373,0.05291517494959767
CUST_374,0.06797696493939308
CUST_375,0.1315367071957776
CUST_376,0.05719453203912459
CUST_377,0.07917315357089727
CUST_378,0.07391086760517808
CUST_379,0.09991294477034283
CUST_380,0.15385646011405962
CUST_381,0.04160635083922379
CUST_382,0.05045038221647639
CUST_383,0.05202631746801121
CUST_384,0.11559812018682732
CUST_385,0.053389967000480126
CUST_386,0.06443073499641772
CUST_387,0.06874108001263725
CUST_388,0.10546236017067774
CUST_389,0.08153938119942865
CUST_390,0.06162351816235779
CUST_391,0.15786991520319937
CUST_392,0.04127127607954364
CUST_393,0.14500221837583396
CUST_394,0.06536096150461736
CUST_395,0.061455766271009536
CUST_396,0.11243473289233458
CUST_397,0.09873084011699917
CUST_398,0.05651474365685678
CUST_399,0.12783707519767987
CUST_400,0.042315988313294244
CUST_401,0.05517399571626047
CUST_402,0.07664737049172182
CUST_403,0.04356040289149337
CUST_404,0.049992761289449274
CUST_405,0.08122276022435554
CUST_406,0.06925901260508555
CUST_407,0.04854777713535625
CUST_408,0.07243681191366678
CUST_409,0.046878126021904186
CUST_410,0.050912824046913836
CUST_411,0.07898096288279782
CUST_412,0.0689832520628935
CUST_413,0.06737011010860182
CUST_414,0.10752523965911596
CUST_415,0.045091887417096105
CUST_416,0.060458269778503056
CUST_417,0.0816134624312338
CUST_418,0.13505179176575652
CUST_419,0.081042108182747
CUST_420,0.060529922628870726
CUST_421,0.15074191165545966
CUST_422,0.07100576519278942
CUST_423,0.07080657960473902
CUST_424,0.0685815069315578
CUST_425,0.06255495456967948
CUST_426,0.062253311208741426
CUST_427,0.07018709474561191
CUST_428,0.05092038154740414
CUST_429,0.07162440320751384
CUST_430,0.09219318903666952
CUST_431,0.05610776394538609
CUST_432,0.059661266189847316
CUST_433,0.07452108850790219
CUST_434,0.1190177771386597
CUST_435,0.08502757073400657
CUST_436,0.048914701201426915
CUST_437,0.06010721865898116
CUST_438,0.052819800130594306
CUST_439,0.06095688600987468
CUST_440,0.05963372451518584
CUST_441,0.09936954737557901
CUST_442,0.0772618802561635
CUST_443,0.06798083111995616
CUST_444,0.08502884689215869
CUST_445,0.07309195562182536
CUST_446,0.19260399613773926
CUST_447,0.07327238639624388
CUST_448,0.07670352067879473
CUST_449,0.08535962338946983
CUST_450,0.04858786332976275
CUST_451,0.06811879093321886
CUST_452,0.060137683233200644
CUST_453,0.0686700503559061
CUST_454,0.070828381504259
CUST_455,0.1129688138094427
CUST_456,0.08809115332559671
CUST_457,0.0662752863723145
CUST_458,0.0843175762728683
CUST_459,0.06606640097152677
CUST_460,0.08648220195337991
CUST_461,0.0849580947994661
CUST_462,0.04071647429865082
CUST_463,0.038378546085902576
CUST_464,0.04780435466142807
CUST_465,0.04784583791802036
CUST_466,0.01857082093187011
CUST_467,0.10249198817834866
CUST_468,0.04877358377807819
CUST_469,0.051054819609615214
CUST_470,0.14431013352148456
CUST_471,0.06761346080152067
CUST_472,0.08098381495284969
CUST_473,0.06827826707290859
CUST_474,0.1250052733627173
CUST_475,0.12801254624361882
CUST_476,0.07384016458589578
CUST_477,0.05627926445099344
CUST_478,0.13914073325632706
CUST_479,0.13653276713838702
CUST_480,0.06676633358083271
CUST_481,0.05566070896471547
CUST_482,0.0708059151886004
CUST_483,0.041829758079522494
CUST_484,0.04611825567072191
CUST_485,0.04901129882870826
CUST_486,0.1018577989806068
CUST_487,0.0533788174730932
CUST_488,0.06836673172922411
CUST_489,0.05194596333385337
CUST_490,0.09301120960471466
CUST_491,0.0693323805311034
CUST_492,0.04597123059972973
CUST_493,0.058416881321151776
CUST_494,0.0456959735642252
CUST_495,0.15716969251975224
CUST_496,0.06274364425544898
CUST_497,0.06645907542437993
CUST_498,0.06467692726736088
CUST_499,0.043745556495813666
CUST_500,0.059098457160060604
CUST_501,0.08239746209399738
CUST_502,0.05746011314496905
CUST_503,0.07294326260207896
CUST_504,0.214019986696413
CUST_505,0.08017425960988876
CUST_506,0.06258927626771148
CUST_507,0.11914877641477616
CUST_508,0.04800196959194843
CUST_509,0.06912379292635605
CUST_510,0.07759593720091029
CUST_511,0.10032494946888913
CUST_512,0.06516305300970228
CUST_513,0.05796602399334713
CUST_514,0.06800576881175617
CUST_515,0.04962750605360781
CUST_516,0.06809562122593935
CUST_517,0.04280038315042444
CUST_518,0.05138780652667043
CUST_519,0.08702310667131581
CUST_520,0.06500661542064552
CUST_521,0.07007746216576596
CUST_522,0.07763779604225896
CUST_523,0.05324668810420313
CUST_524,0.10444196046848031
CUST_525,0.03356880915847147
CUST_526,0.07385683216563939
CUST_527,0.06426066255710923
CUST_528,0.05673158087261789
CUST_529,0.04862512708155026
CUST_530,0.10265646843222735
CUST_531,0.10285241549668556
CUST_532,0.051806916381927935
CUST_533,0.0986122634889901
CUST_534,0.04983558341295339
CUST_535,0.08020878812567526
CUST_536,0.06214227140652762
CUST_537,0.06875686386719583
CUST_538,0.07971120581507041
CUST_539,0.05092170412537117
CUST_540,0.07283981843893512
CUST_541,0.07903416451139972
CUST_542,0.08902749266438854
CUST_543,0.06924657397684314
CUST_544,0.05428775028484675
CUST_545,0.09957064438358583
CUST_546,0.0802020812376379
CUST_547,0.034877628912549315
CUST_548,0.07330457743337594
CUST_549,0.06519232261986797
CUST_550,0.07093303728974283
CUST_551,0.17089088965505347
CUST_552,0.10436678168632092
CUST_553,0.07494965606882403
CUST_554,0.06535306542670834
CUST_555,0.07761254950014108
CUST_556,0.08549273047123503
CUST_557,0.08453163140370733
CUST_558,0.0663974613779176
CUST_559,0.07185768764528024
CUST_560,0.056419440568936906
CUST_561,0.059146015371172984
CUST_562,0.08803841001131844
CUST_563,0.06681432848576133
CUST_564,0.039063165198230124
CUST_565,0.08156157911552811
CUST_566,0.06528642350567389
CUST_567,0.08997137600994021
CUST_568,0.04503319248960554
CUST_569,0.04860383759676915
CUST_570,0.04927031016335467
CUST_571,0.0744776891881349
CUST_572,0.06169546244025765
CUST_573,0.046678806490402784
CUST_574,0.08442743578645635
CUST_575,0.05396623245575432
CUST_576,0.08282511725493576
CUST_577,0.08878533215612165
CUST_578,0.06531015648299492
CUST_579,0.05431533165341018
CUST_580,0.08364482262033103
CUST_581,0.08211304041458047
CUST_582,0.05845288095573923
CUST_583,0.07134766144039399
CUST_584,0.07314682665411913
CUST_585,0.05344506673329877
CUST_586,0.07852738066920137
CUST_587,0.04627801415700331
CUST_588,0.061083721800156775
CUST_589,0.09165989614072341
CUST_590,0.0662630027932366
CUST_591,0.09154232720674786
CUST_592,0.10930242151219488
CUST_593,0.10899178930988355
CUST_594,0.08972732296226682
CUST_595,0.09190895752885055
CUST_596,0.05526325623913945
CUST_597,0.05166036260958323
CUST_598,0.07439222960924062
CUST_599,0.1084712124600387
CUST_600,0.06376259109753953
CUST_601,0.06181196908275798
CUST_602,0.07654869216935545
CUST_603,0.07980127823497823
CUST_604,0.08042713576473438
CUST_605,0.045805633999869255
CUST_606,0.060024285758940525
CUST_607,0.19203361422501372
CUST_608,0.06351165174836093
CUST_609,0.06058665313649497
CUST_610,0.06542055214845656
CUST_611,0.09538998297246752
CUST_612,0.054877611107589146
CUST_613,0.05867803276866438
CUST_614,0.04910294641354259
CUST_615,0.06820620830272382
CUST_616,0.07227762556939629
CUST_617,0.17113672824186035
CUST_618,0.08395051586784197
CUST_619,0.06696006706972156
CUST_620,0.08184185971663845
CUST_621,0.07781150495542816
CUST_622,0.06889330420487577
CUST_623,0.03506931637164945
CUST_624,0.06796088157414427
CUST_625,0.09852703157028943
CUST_626,0.06840162151407403
CUST_627,0.07619140065944606
CUST_628,0.09671158543043899
CUST_629,0.06250569137765645
CUST_630,0.05196578931210528
CUST_631,0.06580701236910567
CUST_632,0.06623699736999529
CUST_633,0.05101009136945559
CUST_634,0.04895053497118074
CUST_635,0.056164808448379094
CUST_636,0.07698739942283105
CUST_637,0.06369296816279248
CUST_638,0.05365624028828019
CUST_639,0.07779023586569012
CUST_640,0.09598555547449876
CUST_641,0.07039745922214619
CUST_642,0.07960706035120946
CUST_643,0.06918251049650503
CUST_644,0.08345981325746706
CUST_645,0.07188621037241932
CUST_646,0.05750372085969891
CUST_647,0.05148427502393646
CUST_648,0.05586806139972748
CUST_649,0.0942596126131135
CUST_650,0.04313615209811322
CUST_651,0.06322803780977117
CUST_652,0.06507869882389093
CUST_653,0.061943842811287425
CUST_654,0.04918545956779969
CUST_655,0.04133524507442194
CUST_656,0.04938015801007558
CUST_657,0.05720050940551763
CUST_658,0.06367452744913035
CUST_659,0.06593166390217392
CUST_660,0.09414274099315484
CUST_661,0.07184791655740272
CUST_662,0.05200380886678268
CUST_663,0.11995087258171311
CUST_664,0.07968140309910866
CUST_665,0.07429711123244369
CUST_666,0.07566072672691367
CUST_667,0.07735700609467304
CUST_668,0.062141888499900655
CUST_669,0.050735707267817544
CUST_670,0.07416049479050392
CUST_671,0.05761896580347614
CUST_672,0.06174989935146279
CUST_673,0.08186261551266383
CUST_674,0.13274760394636317
CUST_675,0.07944027382142758
CUST_676,0.06417684316673056
CUST_677,0.11752015296935876
CUST_678,0.11383338118425522
CUST_679,0.05255027837356533
CUST_680,0.06638272808734481
CUST_681,0.05590028787269526
CUST_682,0.055833352792624746
CUST_683,0.07395398091989432
CUST_684,0.04466500856945177
CUST_685,0.042549993871443585
CUST_686,0.04986865283266537
CUST_687,0.07724867448779855
CUST_688,0.07668432770204399
CUST_689,0.07910440087124992
CUST_690,0.08866236886135738
CUST_691,0.11284405305852223
CUST_692,0.07782992920619614
CUST_693,0.04187105445770506
CUST_694,0.04713408483191337
CUST_695,0.07966178717742732
CUST_696,0.10591679518430386
CUST_697,0.06842780005642818
CUST_698,0.04223868220554413
CUST_699,0.08393846831816128
CUST_700,0.060928718142195616
CUST_701,0.05599256503604366
CUST_702,0.06959170458397163
CUST_703,0.06004787335917281
CUST_704,0.0717690944308164
CUST_705,0.08944904029876771
CUST_706,0.05780025861790758
CUST_707,0.05921949629482981
CUST_708,0.061994037074865234
CUST_709,0.04492829848410817
CUST_710,0.047148259937322946
CUST_711,0.05715765770117164
CUST_712,0.0681304855881054
CUST_713,0.07626347617092992
CUST_714,0.07100968938186171
CUST_715,0.04317686491502385
CUST_716,0.08079305686892758
CUST_717,0.047371855046611254
CUST_718,0.05394825658787094
CUST_719,0.08923000833123161
CUST_720,0.06956747540232894
CUST_721,0.04894168760831128
CUST_722,0.06810374090558384
CUST_723,0.03875905582690424
CUST_724,0.08491946333639999
CUST_725,0.10059964124515137
CUST_726,0.07613300259390558
CUST_727,0.07149087862883752
CUST_728,0.06953438130447269
CUST_729,0.060850578693795045
CUST_730,0.10769069069398017
CUST_731,0.053915656258392765
CUST_732,0.12390953343051296
CUST_733,0.04165105658036967
CUST_734,0.06971747714651348
CUST_735,0.057455857504283836
CUST_736,0.0483736247767634
CUST_737,0.05834089322086852
CUST_738,0.08677235731568395
CUST_739,0.08056503981255524
CUST_740,0.12488321565473548
CUST_741,0.07757747107939349
CUST_742,0.06146184341203684
CUST_743,0.054733735797518064
CUST_744,0.07945997992418091
CUST_745,0.03142584010800017
CUST_746,0.06776738608520981
CUST_747,0.06136881426065539
CUST_748,0.042082490055339046
CUST_749,0.06004492279191179
CUST_750,0.08533552425090125
CUST_751,0.04831360283473277
CUST_752,0.06892913472221522
CUST_753,0.055304593654074495
CUST_754,0.05126977081961389
CUST_755,0.041364895949143284
CUST_756,0.09028303976583103
CUST_757,0.056635736851549295
CUST_758,0.054186921047268376
CUST_759,0.07842206991603277
CUST_760,0.08848674139015256
CUST_761,0.06786990941310592
CUST_762,0.08493990768110464
CUST_763,0.05053486195921212
CUST_764,0.06236724901076549
CUST_765,0.033437347551724964
CUST_766,0.04758159873944542
CUST_767,0.06878086065173349
CUST_768,0.0784151551326705
CUST_769,0.06624876021452662
CUST_770,0.07387207514557197
CUST_771,0.0573145926244073
CUST_772,0.05470430815050945
CUST_773,0.07370210067864552
CUST_774,0.05281170703584553
CUST_775,0.0887081214919203
CUST_776,0.06328093364971434
CUST_777,0.07432103253294146
CUST_778,0.06973907320680502
CUST_779,0.11902498638131359
CUST_780,0.08424312760634854
CUST_781,0.04715203516602537
CUST_782,0.05846267934652102
CUST_783,0.06017146314997706
CUST_784,0.04992881244164873
CUST_785,0.07066990329566537
CUST_786,0.11459660671541945
CUST_787,0.06817196418733655
CUST_788,0.08310591711141764
CUST_789,0.06265065119442723
CUST_790,0.10275475930488469
CUST_791,0.09825053646577624
CUST_792,0.05397430722576143
CUST_793,0.04493147266147866
CUST_794,0.06263270131500158
CUST_795,0.08009197646228076
CUST_796,0.0699050533727976
CUST_797,0.049607052165822646
CUST_798,0.08949301578170972
CUST_799,0.07741481141651062
CUST_800,0.05159853379069118
CUST_801,0.058865622613463446
CUST_802,0.06040674279051803
CUST_803,0.06957645038961545
CUST_804,0.05184628056871184
CUST_805,0.0609148799618078
CUST_806,0.08626764402980795
CUST_807,0.07986588271886695
CUST_808,0.06679764981185156
CUST_809,0.04679970893357837
CUST_810,0.08889508948568754
CUST_811,0.0685787153952828
CUST_812,0.053535954017573495
CUST_813,0.13385407148233142
CUST_814,0.07947149114343649
CUST_815,0.049502515118174294
CUST_816,0.0797998556068136
CUST_817,0.07608126932546527
CUST_818,0.09334545367880655
CUST_819,0.05473603483011567
CUST_820,0.06636416037182466
CUST_821,0.04552613654710456
CUST_822,0.09219763091491333
CUST_823,0.05559232317853516
CUST_824,0.13987556818669625
CUST_825,0.11367587151314162
CUST_826,0.07940738074926484
CUST_827,0.08815425908997405
CUST_828,0.06059510151339822
CUST_829,0.08872163646306187
CUST_830,0.07511727120706341
CUST_831,0.09232328786663757
CUST_832,0.10179097851657455
CUST_833,0.07370716477827013
CUST_834,0.07120398730770244
CUST_835,0.1412477652681097
CUST_836,0.09306267592604173
CUST_837,0.04261544918412128
CUST_838,0.06455599543557576
CUST_839,0.08694919523231186
CUST_840,0.052489691939591965
CUST_841,0.06015425658736953
CUST_842,0.0868642812317626
CUST_843,0.03784928783961181
CUST_844,0.05968018085008287
CUST_845,0.07891305535096234
CUST_846,0.07065924158375274
CUST_847,0.06903510343105404
CUST_848,0.05538620715195471
CUST_849,0.05229419239686265
CUST_850,0.04314731361870536
CUST_851,0.1589654887632291
CUST_852,0.06731854301260821
CUST_853,0.059513775569129096
CUST_854,0.0728169415034773
CUST_855,0.06047150771985937
CUST_856,0.07253020807292407
CUST_857,0.1128533041906873
CUST_858,0.06020883007684389
CUST_859,0.060952323017176034
CUST_860,0.06272987599272195
CUST_861,0.07874302833324569
CUST_862,0.07227724295437278
CUST_863,0.07636492568157517
CUST_864,0.06070221253781464
CUST_865,0.07494647116756371
CUST_866,0.04959215873467709
CUST_867,0.04665972271508766
CUST_868,0.059623405791612856
CUST_869,0.0705877185208167
CUST_870,0.07864077740248956
CUST_871,0.057001352496542514
CUST_872,0.05822806549848894
CUST_873,0.08394644127392316
CUST_874,0.0671635124695427
CUST_875,0.07711018604592436
CUST_876,0.08067396023381306
CUST_877,0.07435989962182836
CUST_878,0.07409248117789134
CUST_879,0.04894738818095024
CUST_880,0.04893638096742243
CUST_881,0.07669437109314284
CUST_882,0.08607421672212064
CUST_883,0.15730691213364728
CUST_884,0.060379019140566814
CUST_885,0.07087956747170404
CUST_886,0.052688729225431497
CUST_887,0.05020071792450276
CUST_888,0.0868667476784614
CUST_889,0.09277909096247305
CUST_890,0.06701212744693873
CUST_891,0.05694720182502025
CUST_892,0.08270646930438443
CUST_893,0.08000458260571416
CUST_894,0.059265470392602236
CUST_895,0.09512565621532908
CUST_896,0.13818495476430112
CUST_897,0.07830011903919619
CUST_898,0.060471289372211905
CUST_899,0.06480226709686635
CUST_900,0.06308827189406463
CUST_901,0.08214076910116834
CUST_902,0.06224296712182045
CUST_903,0.08952655186902081
CUST_904,0.06950591881388943
CUST_905,0.1599873120775683
CUST_906,0.06378057607396323
CUST_907,0.07617799734289904
CUST_908,0.06746879844404464
CUST_909,0.06998663109249091
CUST_910,0.07287822090145492
CUST_911,0.06716724423997739
CUST_912,0.043463828351824614
CUST_913,0.06490570853985068
CUST_914,0.05177938829245445
CUST_915,0.0794275359166346
CUST_916,0.08866110333543047
CUST_917,0.11703481964685346
CUST_918,0.060301475341257016
CUST_919,0.07019314710805635
CUST_920,0.07289819159703688
CUST_921,0.049844597579255794
CUST_922,0.11145742588456947
CUST_923,0.07428806928910665
CUST_924,0.09949944893350406
CUST_925,0.04382886799912122
CUST_926,0.06599132766429587
CUST_927,0.05488285277502674
CUST_928,0.08540904762266588
CUST_929,0.11855208404898199
CUST_930,0.10347732889196254
CUST_931,0.08846933233743377
CUST_932,0.09131831798105784
CUST_933,0.0529525991302277
CUST_934,0.05516768866715732
CUST_935,0.040918211244515605
CUST_936,0.054240015931044834
CUST_937,0.06389228255201018
CUST_938,0.12491018601557867
CUST_939,0.061505184997592575
CUST_940,0.06256115289460393
CUST_941,0.08394191628336638
CUST_942,0.07806449478112341
CUST_943,0.07520934554479282
CUST_944,0.07419862692801776
CUST_945,0.05698172289943643
CUST_946,0.07434814142669798
CUST_947,0.03849803057117743
CUST_948,0.06228828379867271
CUST_949,0.06073342152049608
CUST_950,0.08434565344171341
CUST_951,0.055183511843965284
CUST_952,0.05907775699525422
CUST_953,0.059853587237506535
CUST_954,0.0434006928266561
CUST_955,0.08124468916114429
CUST_956,0.06942291605010914
CUST_957,0.04215500482312872
CUST_958,0.07954798916501768
CUST_959,0.07618583467225333
CUST_960,0.09749021648921309
CUST_961,0.05374819835947845
CUST_962,0.05548556650160372
CUST_963,0.08195474778385257
CUST_964,0.051610265906865786
CUST_965,0.07348240311425963
CUST_966,0.1505897909890893
CUST_967,0.07168383276263193
CUST_968,0.07602188141230524
CUST_969,0.05813437618600745
CUST_970,0.07289839496007988
CUST_971,0.04110316771012861
CUST_972,0.06399230371569375
CUST_973,0.08958868228129128
CUST_974,0.06299572210272582
CUST_975,0.09568332817648005
CUST_976,0.059890432862797126
CUST_977,0.09619159319389514
CUST_978,0.07357995529790474
CUST_979,0.05996073534139268
CUST_980,0.09545570549503084
CUST_981,0.06285906503457751
CUST_982,0.044641428474669585
CUST_983,0.10194968109781664
CUST_984,0.06623821431861172
CUST_985,0.10434568125397171
CUST_986,0.0750817479034231
CUST_987,0.08079249500098722
CUST_988,0.04957520446195107
CUST_989,0.09255674471964193
CUST_990,0.07101209470297574
CUST_991,0.05220873608092582
CUST_992,0.07592056184401798
CUST_993,0.06861988944449023
CUST_994,0.07375105765944602
CUST_995,0.053366454197034285
CUST_996,0.10176620087516548
CUST_997,0.06322620479747838
CUST_998,0.06347478446206208
CUST_999,0.0955452555784636
CUST_1000,0.16716143649623158
CUST_1001,0.07461873472509715
CUST_1002,0.094958623542914
CUST_1003,0.11254146118553886
CUST_1004,0.055001165460591556
CUST_1005,0.07283256138159645
CUST_1006,0.04659232246214031
CUST_1007,0.08475251953835967
CUST_1008,0.05013087365401627
CUST_1009,0.06681476937335196
CUST_1010,0.047950898251123614
CUST_1011,0.10795299482181912
CUST_1012,0.07827828532438845
CUST_1013,0.07212159593038867
CUST_1014,0.09195336553962015
CUST_1015,0.07496142416501393
CUST_1016,0.08700453522506736
CUST_1017,0.05618918887151191
CUST_1018,0.08244558455320664
CUST_1019,0.06604453956479008
CUST_1020,0.06610515123249579
CUST_1021,0.08341155589870076
CUST_1022,0.08049016708011231
CUST_1023,0.06252315509158064
CUST_1024,0.07348335616931671
CUST_1025,0.04709595516195563
CUST_1026,0.06272801513849738
CUST_1027,0.15531798144418912
CUST_1028,0.04871917706210299
CUST_1029,0.09869161125921773
CUST_1030,0.06151325839546371
CUST_1031,0.09773614869831466
CUST_1032,0.0782660385352774
CUST_1033,0.06887983841138971
CUST_1034,0.06929645071076733
CUST_1035,0.0514234584313156
CUST_1036,0.05138856887354872
CUST_1037,0.0713855520242387
CUST_1038,0.05314212185049444
CUST_1039,0.08015280451188195
CUST_1040,0.06719458644598253
CUST_1041,0.08971225908448612
CUST_1042,0.06212255021925911
CUST_1043,0.09840517792126903
CUST_1044,0.06070357130151397
CUST_1045,0.06944301644370521
CUST_1046,0.06285040875650937
CUST_1047,0.08617015274933892
CUST_1048,0.08541156898423218
CUST_1049,0.1009921982366307
CUST_1050,0.082334554361407
CUST_1051,0.09685596016294835
CUST_1052,0.05988465131377236
CUST_1053,0.07994280744537131
CUST_1054,0.08590229944108531
CUST_1055,0.049997408622052854
CUST_1056,0.08517538708924817
CUST_1057,0.06575410183168134
CUST_1058,0.09156084529094526
CUST_1059,0.06593908168042596
CUST_1060,0.05250020844943024
CUST_1061,0.06674932716823183
CUST_1062,0.08883762887551033
CUST_1063,0.07083296427638756
CUST_1064,0.053523310702032145
CUST_1065,0.06638156749669778
CUST_1066,0.15599570336904203
CUST_1067,0.07503876496594471
CUST_1068,0.044808773821594726
CUST_1069,0.054155364327853006
CUST_1070,0.050473732384765636
CUST_1071,0.06829270831499147
CUST_1072,0.057174444097885725
CUST_1073,0.09511274581412671
CUST_1074,0.05468904782765125
CUST_1075,0.07981238899180665
CUST_1076,0.06340463028980943
CUST_1077,0.0953494885782306
CUST_1078,0.07839187404088917
CUST_1079,0.07739677346008078
CUST_1080,0.048804612264274884
CUST_1081,0.05314553172286323
CUST_1082,0.06784700280601387
CUST_1083,0.10975659663456944
CUST_1084,0.10739975029362271
CUST_1085,0.14184444697868595
CUST_1086,0.06623907413445418
CUST_1087,0.07432976073683312
CUST_1088,0.08616453462340501
CUST_1089,0.05728081601407437
CUST_1090,0.08746247459767852
CUST_1091,0.06873895009247773
CUST_1092,0.08524220513099079
CUST_1093,0.05742530798115882
CUST_1094,0.060860387082995564
CUST_1095,0.10383117682332271
CUST_1096,0.05875550012537401
CUST_1097,0.09051670367535607
CUST_1098,0.05429114980603312
CUST_1099,0.0662308444614093
CUST_1100,0.059702301621413136
CUST_1101,0.0873265096599975
CUST_1102,0.03933436603120628
CUST_1103,0.0748576771323664
CUST_1104,0.08111540641030289
CUST_1105,0.07132430646179565
CUST_1106,0.07207034597118354
CUST_1107,0.11818338715960268
CUST_1108,0.11408984556596939
CUST_1109,0.0767445520325258
CUST_1110,0.14197840477465684
CUST_1111,0.06468091349728901
CUST_1112,0.067000707455258
CUST_1113,0.05078375784221906
CUST_1114,0.06584622650655046
CUST_1115,0.06528445472765083
CUST_1116,0.05656187868332771
CUST_1117,0.06835509998907947
CUST_1118,0.08596694859607268
CUST_1119,0.06801875573549414
CUST_1120,0.07875862470974289
CUST_1121,0.08334834794929225
CUST_1122,0.09941152270152427
CUST_1123,0.12984883397310584
CUST_1124,0.07130748194042681
CUST_1125,0.054226400653335886
CUST_1126,0.06403870103462278
CUST_1127,0.05344768246834212
CUST_1128,0.07148345541287741
CUST_1129,0.11455485650742118
CUST_1130,0.09799243484520727
CUST_1131,0.06804810648676224
CUST_1132,0.06210908672299701
CUST_1133,0.053803437721476714
CUST_1134,0.07020298088153472
CUST_1135,0.10223580490870003
CUST_1136,0.052704862271871676
CUST_1137,0.050164613661936565
CUST_1138,0.06363179605948883
CUST_1139,0.06165003657719096
CUST_1140,0.06211187863936763
CUST_1141,0.07271474709644218
CUST_1142,0.0711450031249344
CUST_1143,0.10232679015052032
CUST_1144,0.06225248214995435
CUST_1145,0.0587382157686179
CUST_1146,0.059472942834324055
CUST_1147,0.06516522522203165
CUST_1148,0.06385263975423365
CUST_1149,0.03710348927681432
CUST_1150,0.1005340362832548
CUST_1151,0.07528043301114835
CUST_1152,0.08125991371700807
CUST_1153,0.0699084574407448
CUST_1154,0.06523948145479676
CUST_1155,0.08336092836837834
CUST_1156,0.08967962890807384
CUST_1157,0.08378035358394074
CUST_1158,0.06532026304181991
CUST_1159,0.06100185018365884
CUST_1160,0.09494215718148495
CUST_1161,0.09174917902648276
CUST_1162,0.049276023786692165
CUST_1163,0.08230476565883071
CUST_1164,0.06020815154972207
CUST_1165,0.10196090736707288
CUST_1166,0.06808421676104957
CUST_1167,0.04908090018955439
CUST_1168,0.06355113416432571
CUST_1169,0.08013763660201102
CUST_1170,0.07532445217919394
CUST_1171,0.13378508034325118
CUST_1172,0.07248306995170516
CUST_1173,0.08018912227820968
CUST_1174,0.10658989179141869
CUST_1175,0.08984288078866394
CUST_1176,0.06396206137325006
CUST_1177,0.09751598421175804
CUST_1178,0.060198577705819184
CUST_1179,0.029473912053029166
CUST_1180,0.08448108186617771
CUST_1181,0.06158632662400899
CUST_1182,0.08859598272641263
CUST_1183,0.08356535324571274
CUST_1184,0.06789317124249632
CUST_1185,0.08798519107101242
CUST_1186,0.08286267118890643
CUST_1187,0.040752917439957306
CUST_1188,0.07304611281005084
CUST_1189,0.08777162625479584
CUST_1190,0.07837054358568556
CUST_1191,0.07866175429910319
CUST_1192,0.06465426504136207
CUST_1193,0.08381976669714604
CUST_1194,0.04630619647134001
CUST_1195,0.07096169736182986
CUST_1196,0.0499831467559683
CUST_1197,0.05177433058150061
CUST_1198,0.08934567882995549
CUST_1199,0.058104015478778144
CUST_1200,0.07851667923284414
CUST_1201,0.05014444860643766
CUST_1202,0.0555527329874648
CUST_1203,0.0732334790755519
CUST_1204,0.052378886901930155
CUST_1205,0.09565459070089222
CUST_1206,0.09101611204900499
CUST_1207,0.05203208127053629
CUST_1208,0.07418833896806666
CUST_1209,0.06863477656065906
CUST_1210,0.061068368550767076
CUST_1211,0.1012373229993823
CUST_1212,0.06224994693805983
CUST_1213,0.11503446830702731
CUST_1214,0.086763756243047
CUST_1215,0.046113515935711
CUST_1216,0.05538666280991008
CUST_1217,0.050430924538612976
CUST_1218,0.08491156593500515
CUST_1219,0.09110449024941475
CUST_1220,0.0631156144377381
CUST_1221,0.04677833508666854
CUST_1222,0.04326702798060841
CUST_1223,0.05578071308822696
CUST_1224,0.07457194061865824
CUST_1225,0.05569935750031665
CUST_1226,0.06409598599299536
CUST_1227,0.0554883598911764
CUST_1228,0.08089277595555851
CUST_1229,0.07249405486305059
CUST_1230,0.06307339983177436
CUST_1231,0.061556355467018924
CUST_1232,0.06573785477643349
CUST_1233,0.07426029239771237
CUST_1234,0.08628420629069124
CUST_1235,0.09283997590506249
CUST_1236,0.0544656273561511
CUST_1237,0.08083956375229921
CUST_1238,0.09648902123823393
CUST_1239,0.05761625709602502
CUST_1240,0.07928870827570757
CUST_1241,0.07408389077747832
CUST_1242,0.05308636027920244
CUST_1243,0.05112930434534634
CUST_1244,0.1037281409181224
CUST_1245,0.08550972691084024
CUST_1246,0.07292973789150071
CUST_1247,0.05603922068787622
CUST_1248,0.09660056236339276
CUST_1249,0.0703391716843569
CUST_1250,0.05985129895306932
CUST_1251,0.05152835019458205
CUST_1252,0.08880242423159772
CUST_1253,0.06321994467260734
CUST_1254,0.053903770421511565
CUST_1255,0.04911334325600664
CUST_1256,0.07182922013706827
CUST_1257,0.10470810752695665
CUST_1258,0.06162331415918651
CUST_1259,0.0817021029290071
CUST_1260,0.06732493089673666
CUST_1261,0.05733984353280958
CUST_1262,0.1051742279869284
CUST_1263,0.05934433562178069
CUST_1264,0.057002823946184854
CUST_1265,0.053560211469183494
CUST_1266,0.07001441401862299
CUST_1267,0.051297360801292324
CUST_1268,0.07903629852666191
CUST_1269,0.06703928492219936
CUST_1270,0.07785561804782229
CUST_1271,0.05581488232497872
CUST_1272,0.05571678856388401
CUST_1273,0.06697912373293112
CUST_1274,0.050632170953377166
CUST_1275,0.061489391975074
CUST_1276,0.07652634368752924
CUST_1277,0.08473064303806177
CUST_1278,0.06209210073251625
CUST_1279,0.10706643863266012
CUST_1280,0.06875551821953761
CUST_1281,0.07904888820097013
CUST_1282,0.09305753647818522
CUST_1283,0.08480599973783982
CUST_1284,0.07247526511996484
CUST_1285,0.053373251256433864
CUST_1286,0.06868602755964633
CUST_1287,0.052506173350272335
CUST_1288,0.09144654558621558
CUST_1289,0.08625246882807287
CUST_1290,0.0691503315875041
CUST_1291,0.09021213034739788
CUST_1292,0.05528304019169509
CUST_1293,0.06641643752390701
CUST_1294,0.04587493213627675
CUST_1295,0.0950713270636469
CUST_1296,0.07652323276602309
CUST_1297,0.03737170927395223
CUST_1298,0.16424724454885412
CUST_1299,0.05946131476282141
CUST_1300,0.16087277104378886
CUST_1301,0.06255120292657998
CUST_1302,0.05177146387458959
CUST_1303,0.04413106818786521
CUST_1304,0.06195835964814953
CUST_1305,0.04373646724176889
CUST_1306,0.06986096874285941
CUST_1307,0.08021667750981214
CUST_1308,0.06819480694314245
CUST_1309,0.06666980899607672
CUST_1310,0.053591899454266956
CUST_1311,0.059039459106249914
CUST_1312,0.0775717262077782
CUST_1313,0.04578361119809579
CUST_1314,0.06159954345680965
CUST_1315,0.0689680481607951
CUST_1316,0.04158899099013887
CUST_1317,0.05788635365936734
CUST_1318,0.0518574763875786
CUST_1319,0.028698979795776455
CUST_1320,0.065171213476887
CUST_1321,0.07934064053165865
CUST_1322,0.0568591065524402
CUST_1323,0.041591316834454765
CUST_1324,0.06258217157999586
CUST_1325,0.08728341148998144
CUST_1326,0.07442252175194926
CUST_1327,0.07439426695112054
CUST_1328,0.04931890985593255
CUST_1329,0.06873916299027974
CUST_1330,0.05963349781883213
CUST_1331,0.053972293176011606
CUST_1332,0.07629829873929432
CUST_1333,0.09813919952490335
CUST_1334,0.06800956652754847
CUST_1335,0.055218266812390226
CUST_1336,0.08389907315312735
CUST_1337,0.055933860604807296
CUST_1338,0.06117674480208828
CUST_1339,0.08603268069457022
CUST_1340,0.06657325559809497
CUST_1341,0.05850244351815923
CUST_1342,0.07380835030123957
CUST_1343,0.046601619465368505
CUST_1344,0.07399008975433857
CUST_1345,0.055647046077884586
CUST_1346,0.15566926307781545
CUST_1347,0.049366714501492465
CUST_1348,0.046012879709414804
CUST_1349,0.07800920842947871
CUST_1350,0.09868205474869057
CUST_1351,0.05600606669172706
CUST_1352,0.0759806533576184
CUST_1353,0.05838043708329621
CUST_1354,0.07449995481272093
CUST_1355,0.06015576630778927
CUST_1356,0.08295797161721082
CUST_1357,0.052995221507069444
CUST_1358,0.0965586024294659
CUST_1359,0.041103454456117634
CUST_1360,0.08738008173343599
CUST_1361,0.05460983484184207
CUST_1362,0.12975253172299028
CUST_1363,0.08600519721338712
CUST_1364,0.053617189971538914
CUST_1365,0.08110725696813746
CUST_1366,0.10619787630860039
CUST_1367,0.07189769735437769
CUST_1368,0.04499880452090604
CUST_1369,0.043979346725994205
CUST_1370,0.08162035555795101
CUST_1371,0.06136843684528632
CUST_1372,0.10753349785886589
CUST_1373,0.12671421457170337
CUST_1374,0.09146193771296157
CUST_1375,0.06719171772933426
CUST_1376,0.10503437416558657
CUST_1377,0.05575066138914835
CUST_1378,0.05654896877459021
CUST_1379,0.0560943666280884
CUST_1380,0.04352848255084077
CUST_1381,0.08210972165875204
CUST_1382,0.08096595875455143
CUST_1383,0.08710337676870013
CUST_1384,0.1603799721507426
CUST_1385,0.05119318623936043
CUST_1386,0.048497726301186594
CUST_1387,0.04192918816899955
CUST_1388,0.06029057595623206
CUST_1389,0.06416802650926666
CUST_1390,0.05813221729146273
CUST_1391,0.06721075191180478
CUST_1392,0.12833151317016597
CUST_1393,0.08636032943804468
CUST_1394,0.06034458802135845
CUST_1395,0.052842325797305544
CUST_1396,0.07618512060337355
CUST_1397,0.06339863161682625
CUST_1398,0.05532271680177069
CUST_1399,0.1424171001406734
CUST_1400,0.10477632781762453
CUST_1401,0.05738209444993734
CUST_1402,0.06768060839912542
CUST_1403,0.07587586433348491
CUST_1404,0.07870252267300813
CUST_1405,0.06271843654530194
CUST_1406,0.06410527487261945
CUST_1407,0.06429240845738705
CUST_1408,0.04988712363737732
CUST_1409,0.045397964022537596
CUST_1410,0.11501886207031455
CUST_1411,0.06819321553780237
CUST_1412,0.05627903229594657
CUST_1413,0.09081630013255558
CUST_1414,0.06387497499888602
CUST_1415,0.057503707174548675
CUST_1416,0.07265170524272228
CUST_1417,0.09579728031806517
CUST_1418,0.07836953027466481
CUST_1419,0.08756203500961106
CUST_1420,0.06760072320858691
CUST_1421,0.06096145539466024
CUST_1422,0.07830758377895093
CUST_1423,0.10477382084090087
CUST_1424,0.06878481559887507
CUST_1425,0.05603424918556798
CUST_1426,0.058233716147893334
CUST_1427,0.07658432358913955
CUST_1428,0.06116545650531093
CUST_1429,0.10117717896255013
CUST_1430,0.058885402094614736
CUST_1431,0.049811121346516905
CUST_1432,0.055029747409683034
CUST_1433,0.10845584723823287
CUST_1434,0.06859522620545289
CUST_1435,0.056819853844603814
CUST_1436,0.0582677472334119
CUST_1437,0.0713001662885613
CUST_1438,0.07493555841790772
CUST_1439,0.062404645397382746
CUST_1440,0.05282643871473258
CUST_1441,0.1175088386289019
CUST_1442,0.07773567890565504
CUST_1443,0.05874029199407618
CUST_1444,0.15244314972688722
CUST_1445,0.05534524635976198
CUST_1446,0.07754561251044664
CUST_1447,0.15163382540507572
CUST_1448,0.09165271940133747
CUST_1449,0.08609510539552732
CUST_1450,0.07989745047009778
CUST_1451,0.070091797478786
CUST_1452,0.05688209646489068
CUST_1453,0.05624905138574393
CUST_1454,0.06183563987192437
CUST_1455,0.06315699734284085
CUST_1456,0.04324201750118393
CUST_1457,0.050705047626607054
CUST_1458,0.1454014231140901
CUST_1459,0.0807866011656684
CUST_1460,0.06900819687229276
CUST_1461,0.07887753596204028
CUST_1462,0.08263512781509232
CUST_1463,0.06028576588224732
CUST_1464,0.06895147460111155
CUST_1465,0.07451397977954392
CUST_1466,0.0756147770723214
CUST_1467,0.07604421804854776
CUST_1468,0.07556641930238535
CUST_1469,0.11085925788023071
CUST_1470,0.042321369460578045
CUST_1471,0.11710812353573719
CUST_1472,0.06752210949854894
CUST_1473,0.04686457623542865
CUST_1474,0.07772655423358131
CUST_1475,0.0873198460435613
CUST_1476,0.054826259914080376
CUST_1477,0.06535216678143478
CUST_1478,0.11843092543131861
CUST_1479,0.07414181134996273
CUST_1480,0.11975715747880028
CUST_1481,0.06946784627143954
CUST_1482,0.14323909232526133
CUST_1483,0.08840986884644784
CUST_1484,0.039216268135863395
CUST_1485,0.03726398394599969
CUST_1486,0.05291213278262145
CUST_1487,0.11895477681294438
CUST_1488,0.06095387816017722
CUST_1489,0.07403700528877429
CUST_1490,0.07047552950081466
CUST_1491,0.07198686051407184
CUST_1492,0.06719010693572235
CUST_1493,0.07448389933257861
CUST_1494,0.03596207551394035
CUST_1495,0.06446041220039986
CUST_1496,0.10536600417969937
CUST_1497,0.0683104718856502
CUST_1498,0.07621341586051118
CUST_1499,0.07294367021549329
CUST_1500,0.05564804137657911
CUST_1501,0.06080202580949081
CUST_1502,0.04161084150578737
CUST_1503,0.07367919548426843
CUST_1504,0.04389008147203496
CUST_1505,0.049681846147949904
CUST_1506,0.07720994454969375
CUST_1507,0.04977783511665514
CUST_1508,0.12902086523233522
CUST_1509,0.07817644845557621
CUST_1510,0.06208107631477982
CUST_1511,0.048744904657275746
CUST_1512,0.05632415725622861
CUST_1513,0.04669583507894464
CUST_1514,0.03802966692533475
CUST_1515,0.08700459289217104
CUST_1516,0.057156908582566224
CUST_1517,0.05880700602867938
CUST_1518,0.0726175453053151
CUST_1519,0.06157179749426143
CUST_1520,0.09677410901469884
CUST_1521,0.05394459951832024
CUST_1522,0.05375234159465473
CUST_1523,0.13128722442218746
CUST_1524,0.07842080896086788
CUST_1525,0.053774455146189525
CUST_1526,0.09156091989948038
CUST_1527,0.06382755631628889
CUST_1528,0.1114815773764523
CUST_1529,0.060701613830714964
CUST_1530,0.04315449641572244
CUST_1531,0.061338472963035184
CUST_1532,0.1256673151634893
CUST_1533,0.12552674646313752
CUST_1534,0.07020196957037422
CUST_1535,0.07252940049653621
CUST_1536,0.065083764246122
CUST_1537,0.06677062505800721
CUST_1538,0.0932460808389725
CUST_1539,0.0781936052496612
CUST_1540,0.07797173481692005
CUST_1541,0.0644617448227434
CUST_1542,0.05868763958556047
CUST_1543,0.05249492259968631
CUST_1544,0.06725555567111684
CUST_1545,0.12234694704919054
CUST_1546,0.1372991122336825
CUST_1547,0.06831377463592596
CUST_1548,0.0811347916822639
CUST_1549,0.1069946896266143
CUST_1550,0.11613008163930866
CUST_1551,0.03588817264644429
CUST_1552,0.048056715998782716
CUST_1553,0.16415907460108786
CUST_1554,0.0852083156430938
CUST_1555,0.08566450462187469
CUST_1556,0.06518033966241658
CUST_1557,0.12932462480574636
CUST_1558,0.03586804369477974
CUST_1559,0.08507007614334583
CUST_1560,0.05365816012267652
CUST_1561,0.08251610491763468
CUST_1562,0.06568751494407843
CUST_1563,0.05654260654871308
CUST_1564,0.09623384510595334
CUST_1565,0.07547007998306109
CUST_1566,0.11415231995925323
CUST_1567,0.08697317145621243
CUST_1568,0.0595589241884403
CUST_1569,0.04829941013041814
CUST_1570,0.06529731440197538
CUST_1571,0.06428588439215159
CUST_1572,0.0815392332816509
CUST_1573,0.10039084557912119
CUST_1574,0.0550433630152708
CUST_1575,0.07296236155145477
CUST_1576,0.09355771357911795
CUST_1577,0.1004441236073393
CUST_1578,0.059717186545272805
CUST_1579,0.07632687665345153
CUST_1580,0.05207233768766003
CUST_1581,0.09630608860568585
CUST_1582,0.05139210253423223
CUST_1583,0.07073283999620855
CUST_1584,0.131949516712106
CUST_1585,0.06988529962645436
CUST_1586,0.06072762759592255
CUST_1587,0.05908849180046616
CUST_1588,0.05258513200972387
CUST_1589,0.046119326489399017
CUST_1590,0.12012580587093574
CUST_1591,0.03846728486533451
CUST_1592,0.06204910538019743
CUST_1593,0.06705090423956821
CUST_1594,0.11523407509111645
CUST_1595,0.06212900522157209
CUST_1596,0.07631356355626147
CUST_1597,0.16767308065225806
CUST_1598,0.06700632314423864
CUST_1599,0.03955965773708081
CUST_1600,0.09905034165900262
CUST_1601,0.04481346509480766
CUST_1602,0.05404916844286034
CUST_1603,0.12202306550993251
CUST_1604,0.07991779494178537
CUST_1605,0.08622373252289163
CUST_1606,0.052451868510968315
CUST_1607,0.07783888996835375
CUST_1608,0.040816641613321894
CUST_1609,0.056870994266375874
CUST_1610,0.04545510907553831
CUST_1611,0.05471981945352208
CUST_1612,0.08897808032049394
CUST_1613,0.061253960641828704
CUST_1614,0.08286971681419435
CUST_1615,0.06807116510895557
CUST_1616,0.06876745250781038
CUST_1617,0.06394236850975292
CUST_1618,0.055442130919157805
CUST_1619,0.08328091092182659
CUST_1620,0.07748646077063238
CUST_1621,0.07857047881877056
CUST_1622,0.050581653539893835
CUST_1623,0.06605793164923289
CUST_1624,0.07519383204506563
CUST_1625,0.12328033574456383
CUST_1626,0.05783719768427356
CUST_1627,0.10648508766332561
CUST_1628,0.0520212704359146
CUST_1629,0.051631806589101596
CUST_1630,0.06373570536919525
CUST_1631,0.05391853981917306
CUST_1632,0.037464943042985886
CUST_1633,0.06360398296463723
CUST_1634,0.06904767949549849
CUST_1635,0.07137677856266363
CUST_1636,0.11052797843637195
CUST_1637,0.07053507640553623
CUST_1638,0.19000380852413865
CUST_1639,0.10285003301462399
CUST_1640,0.032018913986987335
CUST_1641,0.06341671535241926
CUST_1642,0.0713671303638391
CUST_1643,0.0870564965276418
CUST_1644,0.0635697005702189
CUST_1645,0.06353475729656383
CUST_1646,0.058946055541441084
CUST_1647,0.08053777424475854
CUST_1648,0.11880377847892254
CUST_1649,0.11305575129009544
CUST_1650,0.0714304092055284
CUST_1651,0.06669656799015762
CUST_1652,0.04056474061333345
CUST_1653,0.06934590543904438
CUST_1654,0.05554476273284356
CUST_1655,0.05155685800829116
CUST_1656,0.08498635938082232
CUST_1657,0.07280581766813311
CUST_1658,0.08329765551158462
CUST_1659,0.050090905397558484
CUST_1660,0.12699835579241525
CUST_1661,0.04390218028023148
CUST_1662,0.06971459750813215
CUST_1663,0.07887998843559042
CUST_1664,0.06294807825161884
CUST_1665,0.0694372868897531
CUST_1666,0.06817148925530063
CUST_1667,0.038274662356548354
CUST_1668,0.0811812831509592
CUST_1669,0.13112234872599168
CUST_1670,0.0453644177985728
CUST_1671,0.05721607132469503
CUST_1672,0.06061118419450667
CUST_1673,0.10476935941030918
CUST_1674,0.0672405939279193
CUST_1675,0.05623138150300966
CUST_1676,0.06451851585934787
CUST_1677,0.06779937497275852
CUST_1678,0.0500260803713111
CUST_1679,0.06886907668653393
CUST_1680,0.09746682666911542
CUST_1681,0.06764554881205226
CUST_1682,0.050253668094754345
CUST_1683,0.053566086621698726
CUST_1684,0.07155067364127422
CUST_1685,0.05393041455693861
CUST_1686,0.0727343608333912
CUST_1687,0.05983794992331154
CUST_1688,0.0555072357074655
CUST_1689,0.0934362349732903
CUST_1690,0.052691734783168
CUST_1691,0.10498130035750569
CUST_1692,0.04949303539743236
CUST_1693,0.07937033113829055
CUST_1694,0.08008024374737224
CUST_1695,0.05022053925978363
CUST_1696,0.04605419231469864
CUST_1697,0.059681376905739277
CUST_1698,0.12610894333403452
CUST_1699,0.09368276492618394
CUST_1700,0.05960997200997134
CUST_1701,0.08684018802732717
CUST_1702,0.09052935035631197
CUST_1703,0.09180094589801747
CUST_1704,0.07664605370099727
CUST_1705,0.12564884351041383
CUST_1706,0.0893303816781212
CUST_1707,0.052885336944050655
CUST_1708,0.08127855436553609
CUST_1709,0.06858500772145676
CUST_1710,0.06791499181014106
CUST_1711,0.05454302145821029
CUST_1712,0.05734527015413753
CUST_1713,0.07591397048856051
CUST_1714,0.06271597937692756
CUST_1715,0.06583870944267535
CUST_1716,0.08615384530692212
CUST_1717,0.048081468800698975
CUST_1718,0.11633787745455049
CUST_1719,0.052866495236975765
CUST_1720,0.1288453505724235
CUST_1721,0.05459783031813834
CUST_1722,0.10396239920210128
CUST_1723,0.051528916952209854
CUST_1724,0.07826604609435654
CUST_1725,0.05885287198683886
CUST_1726,0.07526517344116862
CUST_1727,0.05239430294424987
CUST_1728,0.046399454827618695
CUST_1729,0.07634447617665845
CUST_1730,0.08098700493053554
CUST_1731,0.05859046204149232
CUST_1732,0.10601919757806198
CUST_1733,0.060131132284197815
CUST_1734,0.1275104487016723
CUST_1735,0.05588249218978725
CUST_1736,0.08498387864543483
CUST_1737,0.09623354984704939
CUST_1738,0.10193283195397139
CUST_1739,0.05817410133954288
CUST_1740,0.06753025286930382
CUST_1741,0.03327665129070288
CUST_1742,0.07507225041083256
CUST_1743,0.060880553586148224
CUST_1744,0.07131441187264864
CUST_1745,0.049088268247636124
CUST_1746,0.055859909711933275
CUST_1747,0.07509523215370602
CUST_1748,0.04769504494099456
CUST_1749,0.06816074595984013
CUST_1750,0.06965564984888013
CUST_1751,0.07136932123745435
CUST_1752,0.04549468094254261
CUST_1753,0.05322498730771788
CUST_1754,0.06106003380003728
CUST_1755,0.05496887286540109
CUST_1756,0.06013266831130223
CUST_1757,0.0790145582900322
CUST_1758,0.053765089011149625
CUST_1759,0.06289359208014687
CUST_1760,0.12431126220958548
CUST_1761,0.10128924576731951
CUST_1762,0.05142933580113018
CUST_1763,0.11680110984661818
CUST_1764,0.0727041324794964
CUST_1765,0.06353656380587713
CUST_1766,0.0505383053580201
CUST_1767,0.0640133103733929
CUST_1768,0.05391602594061188
CUST_1769,0.06716640597269996
CUST_1770,0.05176089308329232
CUST_1771,0.07338570757327893
CUST_1772,0.14726447159586106
CUST_1773,0.04143951963399421
CUST_1774,0.051046869657710964
CUST_1775,0.08564148046562026
CUST_1776,0.07028597662356335
CUST_1777,0.10169178449261589
CUST_1778,0.0730328153498186
CUST_1779,0.08464749355179209
CUST_1780,0.07397781735531565
CUST_1781,0.07769993864355766
CUST_1782,0.04286164580337617
CUST_1783,0.06591518710173506
CUST_1784,0.06118944136450024
CUST_1785,0.05390287736864264
CUST_1786,0.04675175817034499
CUST_1787,0.06644060973164391
CUST_1788,0.05771441782097853
CUST_1789,0.07244464929524633
CUST_1790,0.0845273171014471
CUST_1791,0.1449406216095121
CUST_1792,0.06538560349228688
CUST_1793,0.05256693853437793
CUST_1794,0.05297852184849298
CUST_1795,0.053459844327665394
CUST_1796,0.052778164658357586
CUST_1797,0.07364658557762353
CUST_1798,0.09705471159393357
CUST_1799,0.06132144080289173
CUST_1800,0.059063484087793806
CUST_1801,0.08020580978671543
CUST_1802,0.07951859646287639
CUST_1803,0.07035428142302286
CUST_1804,0.16473142233016597
CUST_1805,0.05060924488321986
CUST_1806,0.1083851521398173
CUST_1807,0.06450768747680169
CUST_1808,0.0518295582084555
CUST_1809,0.07560596517691943
CUST_1810,0.10079371212356515
CUST_1811,0.0720537237588838
CUST_1812,0.03887879079546211
CUST_1813,0.08666129813676592
CUST_1814,0.09025000766352508
CUST_1815,0.07100983887818806
CUST_1816,0.05446620226155761
CUST_1817,0.0596420732198192
CUST_1818,0.05473928038183504
CUST_1819,0.06568515144338932
CUST_1820,0.08144990390371538
CUST_1821,0.057940520951568264
CUST_1822,0.10359822904071524
CUST_1823,0.045146402943141574
CUST_1824,0.07968536159310784
CUST_1825,0.08201457060977192
CUST_1826,0.06665400297079434
CUST_1827,0.03443919923777213
CUST_1828,0.09940610543347321
CUST_1829,0.06448779209738537
CUST_1830,0.08058424040769722
CUST_1831,0.07997958472728169
CUST_1832,0.11169254736079681
CUST_1833,0.05618507508702981
CUST_1834,0.12368641174089912
CUST_1835,0.07500518007332431
CUST_1836,0.07032785115190336
CUST_1837,0.05990199383782433
CUST_1838,0.08296196589730702
CUST_1839,0.09419715803070167
CUST_1840,0.043991703137644
CUST_1841,0.06252124162256327
CUST_1842,0.07529260991633469
CUST_1843,0.07072218614630985
CUST_1844,0.046948917191245554
CUST_1845,0.08673382070017716
CUST_1846,0.04741831020037927
CUST_1847,0.10184173786953525
CUST_1848,0.06541160933848052
CUST_1849,0.04568451882023277
CUST_1850,0.060323226645163264
CUST_1851,0.049264630430379985
CUST_1852,0.08529352064023454
CUST_1853,0.08879825755411609
CUST_1854,0.08326198082808893
CUST_1855,0.07954956408272389
CUST_1856,0.0555707778405428
CUST_1857,0.049038349009221195
CUST_1858,0.09129825726775125
CUST_1859,0.06911647108542723
CUST_1860,0.09960152983854283
CUST_1861,0.09571946994340563
CUST_1862,0.05612157545823974
CUST_1863,0.05539433910264621
CUST_1864,0.13393500581558168
CUST_1865,0.13820838302666896
CUST_1866,0.04174086134562904
CUST_1867,0.05641960301598368
CUST_1868,0.06747154832025583
CUST_1869,0.1107298846533884
CUST_1870,0.10821516551345021
CUST_1871,0.04748539846241203
CUST_1872,0.09185016388136998
CUST_1873,0.07876242985103492
CUST_1874,0.048790760046239466
CUST_1875,0.069222797746257
CUST_1876,0.04771930596182276
CUST_1877,0.06933112032885776
CUST_1878,0.0389613057449105
CUST_1879,0.06828542676586478
CUST_1880,0.1162390150227088
CUST_1881,0.04807894453143139
CUST_1882,0.07438468504681645
CUST_1883,0.06629807409078539
CUST_1884,0.06070636999937182
CUST_1885,0.05528906612331327
CUST_1886,0.04636868446407807
CUST_1887,0.06788708865433817
CUST_1888,0.061701456647827814
CUST_1889,0.11137762149937892
CUST_1890,0.14409458785319443
CUST_1891,0.060804883294652584
CUST_1892,0.06540555394676005
CUST_1893,0.06591141253572773
CUST_1894,0.045024925245630294
CUST_1895,0.07247851831548552
CUST_1896,0.09675773376559223
CUST_1897,0.05784411680207241
CUST_1898,0.07916290113265294
CUST_1899,0.11433960391446252
CUST_1900,0.034290538600511365
CUST_1901,0.09644576722566932
CUST_1902,0.1061719951154908
CUST_1903,0.04720295082690388
CUST_1904,0.09505329107506448
CUST_1905,0.09842408592199674
CUST_1906,0.07115439134639107
CUST_1907,0.09429203135778506
CUST_1908,0.06241083052489807
CUST_1909,0.04931335818032626
CUST_1910,0.03815283628269799
CUST_1911,0.11333720058257175
CUST_1912,0.09380899782365931
CUST_1913,0.06432702241062227
CUST_1914,0.059102930786167955
CUST_1915,0.10246417990571048
CUST_1916,0.05987030161302883
CUST_1917,0.07595373325893783
CUST_1918,0.08685388296777896
CUST_1919,0.07621235911270861
CUST_1920,0.05893973392564605
CUST_1921,0.08146596309203348
CUST_1922,0.08171524216438197
CUST_1923,0.08310201035439277
CUST_1924,0.05923427496293307
CUST_1925,0.049041759984470766
CUST_1926,0.06347346593920544
CUST_1927,0.04081501013481196
CUST_1928,0.05209425288650708
CUST_1929,0.05806785782630745
CUST_1930,0.11034806407606525
CUST_1931,0.07008940574622413
CUST_1932,0.10253109094382207
CUST_1933,0.07944298228709229
CUST_1934,0.05936839202197695
CUST_1935,0.050042544234221525
CUST_1936,0.10109015379368769
CUST_1937,0.0664764931681732
CUST_1938,0.0605937745536568
CUST_1939,0.1103307954860222
CUST_1940,0.08505486174786557
CUST_1941,0.054032366145391975
CUST_1942,0.07725550737837793
CUST_1943,0.047017129741873644
CUST_1944,0.18846574768396832
CUST_1945,0.0680097474254062
CUST_1946,0.06696585287202696
CUST_1947,0.046220649143498216
CUST_1948,0.049147226074151035
CUST_1949,0.07322565821975384
CUST_1950,0.06410658607763228
CUST_1951,0.2650742437183807
CUST_1952,0.06326205250328476
CUST_1953,0.06647281405393445
CUST_1954,0.057270591365085506
CUST_1955,0.05464312050755068
CUST_1956,0.06245267929394999
CUST_1957,0.07058429911463605
CUST_1958,0.03657771546367101
CUST_1959,0.07013804621161648
CUST_1960,0.10024839720302202
CUST_1961,0.07010353693528186
CUST_1962,0.04907237941933301
CUST_1963,0.08288720160575488
CUST_1964,0.0786106935855347
CUST_1965,0.055839894746159614
CUST_1966,0.06482376637896814
CUST_1967,0.03947397047841115
CUST_1968,0.10798621089369063
CUST_1969,0.04145577624425079
CUST_1970,0.058910192873858014
CUST_1971,0.09657229400452828
CUST_1972,0.05379465153600236
CUST_1973,0.07147473361576745
CUST_1974,0.05491173792999534
CUST_1975,0.0935571432040724
CUST_1976,0.05257600693360375
CUST_1977,0.05709353998926731
CUST_1978,0.04920375109295124
CUST_1979,0.058896560817081715
CUST_1980,0.059363519744835135
CUST_1981,0.04929557593239151
CUST_1982,0.06003795425341143
CUST_1983,0.12284034132510241
CUST_1984,0.05528495260616998
CUST_1985,0.06860290728469891
CUST_1986,0.06540052914256926
CUST_1987,0.07600127054298726
CUST_1988,0.11113296176895437
CUST_1989,0.06911357229642733
CUST_1990,0.043491033459070357
CUST_1991,0.06630645049740354
CUST_1992,0.05579597926745552
CUST_1993,0.05409114511414103
CUST_1994,0.05846599335027786
CUST_1995,0.08180355919272976
CUST_1996,0.05736099387663529
CUST_1997,0.06783078979653959
CUST_1998,0.0618286302060505
CUST_1999,0.03853796026595011
CUST_2000,0.11128410635395218
CUST_2001,0.11569416480335888
CUST_2002,0.07183111394805453
CUST_2003,0.05068528648661538
CUST_2004,0.05637717351028937
CUST_2005,0.06568382412117736
CUST_2006,0.07229551727765962
CUST_2007,0.062846919091476
CUST_2008,0.07314260981359734
CUST_2009,0.07981006678011301
CUST_2010,0.08758203895418665
CUST_2011,0.08638056643778604
CUST_2012,0.05154015384554489
CUST_2013,0.0538981618861837
CUST_2014,0.03994914159390883
CUST_2015,0.10629248121766992
CUST_2016,0.05499519102449657
CUST_2017,0.08915807335728886
CUST_2018,0.03848906200016422
CUST_2019,0.07906193811769725
CUST_2020,0.12446593723631987
CUST_2021,0.08067737729545794
CUST_2022,0.06856108332364204
CUST_2023,0.05319054830194169
CUST_2024,0.037775659181462674
CUST_2025,0.07806416294182467
CUST_2026,0.056509273754305776
CUST_2027,0.1309367098197732
CUST_2028,0.059663134461041795
CUST_2029,0.09931326080546454
CUST_2030,0.07786544567827687
CUST_2031,0.07557151343345317
CUST_2032,0.12953256574757863
CUST_2033,0.058508429909001645
CUST_2034,0.0786328669598316
CUST_2035,0.054897254991458
CUST_2036,0.07175056678594154
CUST_2037,0.05345375697379481
CUST_2038,0.05548775334976535
CUST_2039,0.0632132027089715
CUST_2040,0.08293104257059548
CUST_2041,0.05793999584092829
CUST_2042,0.04584380118292902
CUST_2043,0.07449656797998065
CUST_2044,0.09105626997949841
CUST_2045,0.11160332543887995
CUST_2046,0.044708141006704026
CUST_2047,0.06378964583425219
CUST_2048,0.061263238649273084
CUST_2049,0.12555669893494717
CUST_2050,0.06217982098480964
CUST_2051,0.05981236969488032
CUST_2052,0.07345314915496094
CUST_2053,0.14884710837827045
CUST_2054,0.054647959635549276
CUST_2055,0.11801988005371443
CUST_2056,0.10753885793079848
CUST_2057,0.053426881874639696
CUST_2058,0.08137318938405767
CUST_2059,0.05188273350889503
CUST_2060,0.05785510269270044
CUST_2061,0.0746298358745515
CUST_2062,0.12369012572627647
CUST_2063,0.08545120027651004
CUST_2064,0.05392469406574361
CUST_2065,0.10432896540685148
CUST_2066,0.06440709757293457
CUST_2067,0.0541298308140003
CUST_2068,0.079026290253687
CUST_2069,0.05063543174926508
CUST_2070,0.05576469392986035
CUST_2071,0.04998715684427129
CUST_2072,0.08651781038562657
CUST_2073,0.1351323898196616
CUST_2074,0.08085745470122152
CUST_2075,0.09413034776288688
CUST_2076,0.10357291437125549
CUST_2077,0.034902685171197344
CUST_2078,0.06849120667990061
CUST_2079,0.06360655238580167
CUST_2080,0.08878825792083361
CUST_2081,0.1394229469974596
CUST_2082,0.07006257468177914
CUST_2083,0.07466481989787324
CUST_2084,0.05127579996089084
CUST_2085,0.06528270337100593
CUST_2086,0.1238317671042972
CUST_2087,0.06443619471111353
CUST_2088,0.06882137714185764
CUST_2089,0.05402688764533647
CUST_2090,0.08105176862607233
CUST_2091,0.04329889556975797
CUST_2092,0.07694754478128797
CUST_2093,0.08564977456485294
CUST_2094,0.07272313758128689
CUST_2095,0.05280652684793791
CUST_2096,0.07044828672110004
CUST_2097,0.056347489694862286
CUST_2098,0.07776231381511284
CUST_2099,0.0815190674143573
CUST_2100,0.08992985952699355
CUST_2101,0.05607744055988093
CUST_2102,0.05403869765153893
CUST_2103,0.05712275331899153
CUST_2104,0.06303788148466476
CUST_2105,0.048865475051435237
CUST_2106,0.06236827192501502
CUST_2107,0.047185689122721364
CUST_2108,0.06106788110009755
CUST_2109,0.08090857643052528
CUST_2110,0.10618704008698238
CUST_2111,0.07644557934295347
CUST_2112,0.08251347310348466
CUST_2113,0.06052952663903884
CUST_2114,0.05045175206997237
CUST_2115,0.05907649781384297
CUST_2116,0.05009244495316772
CUST_2117,0.04951708672362661
CUST_2118,0.07233172579952596
CUST_2119,0.07108860373358944
CUST_2120,0.0610708855461631
CUST_2121,0.04837744740630085
CUST_2122,0.06727325543026245
CUST_2123,0.06752735445713115
CUST_2124,0.07404129983898172
CUST_2125,0.055755672763635966
CUST_2126,0.060432034732085964
CUST_2127,0.06237502177507823
CUST_2128,0.08951450902076352
CUST_2129,0.07105962422668342
CUST_2130,0.053209479733331864
CUST_2131,0.07346864280464582
CUST_2132,0.06036809356007317
CUST_2133,0.05048943866034591
CUST_2134,0.07280023555268948
CUST_2135,0.09798581693908008
CUST_2136,0.05550321872289656
CUST_2137,0.053996628524320245
CUST_2138,0.06348743371265662
CUST_2139,0.04032263955382223
CUST_2140,0.06242270501827816
CUST_2141,0.07770932306162188
CUST_2142,0.10284918962583862
CUST_2143,0.07001884355126398
CUST_2144,0.09356777461654792
CUST_2145,0.07509264642993242
CUST_2146,0.07528325009942861
CUST_2147,0.053212511198069974
CUST_2148,0.07482203703537342
CUST_2149,0.0936364326993056
CUST_2150,0.08288323733459176
CUST_2151,0.05508984792506697
CUST_2152,0.09464412471018528
CUST_2153,0.06592274700568511
CUST_2154,0.07236838110127329
CUST_2155,0.04154451979817802
CUST_2156,0.051836788401785676
CUST_2157,0.07304080549125318
CUST_2158,0.0548731959306706
CUST_2159,0.06993192583161652
CUST_2160,0.07800405756594514
CUST_2161,0.08126676179905847
CUST_2162,0.06029890146275155
CUST_2163,0.08592992049446907
CUST_2164,0.0968056340398517
CUST_2165,0.0639996049690641
CUST_2166,0.09904130254744968
CUST_2167,0.08136057506083816
CUST_2168,0.08787596876722086
CUST_2169,0.08647240128317728
CUST_2170,0.06465106124114295
CUST_2171,0.08171310033148613
CUST_2172,0.0821113066929824
CUST_2173,0.058642666163220246
CUST_2174,0.06676214587473468
CUST_2175,0.06892010715890035
CUST_2176,0.10839300290038396
CUST_2177,0.036411177454208306
CUST_2178,0.0972158113628883
CUST_2179,0.06426186836773536
CUST_2180,0.07659120347149229
CUST_2181,0.06679721399818238
CUST_2182,0.06717894643389412
CUST_2183,0.04915020675927626
CUST_2184,0.04670137276722305
CUST_2185,0.07596024551207821
CUST_2186,0.09449212904324199
CUST_2187,0.08630407325182228
CUST_2188,0.060131648145395906
CUST_2189,0.06169434306871571
CUST_2190,0.07287308441290115
CUST_2191,0.05622189980729673
CUST_2192,0.10546185516418442
CUST_2193,0.05456171637752053
CUST_2194,0.06346486563640284
CUST_2195,0.07589605567109735
CUST_2196,0.058178827982782476
CUST_2197,0.057799411034699766
CUST_2198,0.06005497670286638
CUST_2199,0.08801691207235506
CUST_2200,0.05529955298363829
CUST_2201,0.09736127169735175
CUST_2202,0.06348917710701334
CUST_2203,0.13483762492386286
CUST_2204,0.049079249444588156
CUST_2205,0.06683346664696316
CUST_2206,0.09396664552302257
CUST_2207,0.06505310603399701
CUST_2208,0.079494717942047
CUST_2209,0.06788408268956166
CUST_2210,0.08837249367812472
CUST_2211,0.06629100259092578
CUST_2212,0.09619435882691929
CUST_2213,0.07800232371468446
CUST_2214,0.06415441891919103
CUST_2215,0.04213306206696559
CUST_2216,0.06648923476504102
CUST_2217,0.07958120713747306
CUST_2218,0.06925963489449335
CUST_2219,0.03872600214167143
CUST_2220,0.033627356152390986
CUST_2221,0.05738208586080725
CUST_2222,0.0643626593508329
CUST_2223,0.04884454394901124
CUST_2224,0.04962682141589042
CUST_2225,0.058277946592426834
CUST_2226,0.07618939591475084
CUST_2227,0.08036738083163542
CUST_2228,0.11179544917690742
CUST_2229,0.10200729053075874
CUST_2230,0.06033464823575812
CUST_2231,0.08817083440170258
CUST_2232,0.06993857390690017
CUST_2233,0.055441887231505504
CUST_2234,0.059511049562107114
CUST_2235,0.05602058014791431
CUST_2236,0.04736475205580797
CUST_2237,0.07634797502225336
CUST_2238,0.1468989123761492
CUST_2239,0.03404020975204965
CUST_2240,0.1283788904949638
CUST_2241,0.09984214573881173
CUST_2242,0.06095112236307513
CUST_2243,0.07342343911878062
CUST_2244,0.089020052073271
CUST_2245,0.08690007302314962
CUST_2246,0.07308491307869873
CUST_2247,0.04687714365178047
CUST_2248,0.06731281034388799
CUST_2249,0.047650246028185565
CUST_2250,0.04225481030480766
CUST_2251,0.10097180301620852
CUST_2252,0.07250698203172125
CUST_2253,0.07125055939885326
CUST_2254,0.09152870528921558
CUST_2255,0.05906843229179675
CUST_2256,0.06533380162831316
CUST_2257,0.12822699545380842
CUST_2258,0.07852815419745861
CUST_2259,0.06770731396733977
CUST_2260,0.05222931186052909
CUST_2261,0.06213460672145275
CUST_2262,0.037499619304549474
CUST_2263,0.06750857109339246
CUST_2264,0.07536640361011283
CUST_2265,0.07684713408884307
CUST_2266,0.07632577899722616
CUST_2267,0.06588034892836109
CUST_2268,0.10221330011859077
CUST_2269,0.10206893207455463
CUST_2270,0.053934709605477464
CUST_2271,0.08110419534415332
CUST_2272,0.07882459088368744
CUST_2273,0.11544640540135402
CUST_2274,0.09395421855384199
CUST_2275,0.11644848083115282
CUST_2276,0.0868587342131536
CUST_2277,0.07612392069744159
CUST_2278,0.05185671440330333
CUST_2279,0.12328858805406036
CUST_2280,0.07180904318887259
CUST_2281,0.04997691874745647
CUST_2282,0.06324241723577308
CUST_2283,0.05021306673238107
CUST_2284,0.057325131116537
CUST_2285,0.05610701161831819
CUST_2286,0.11457997020291415
CUST_2287,0.07545865840043171
CUST_2288,0.055212551954658275
CUST_2289,0.13338063029496874
CUST_2290,0.08300044753576341
CUST_2291,0.05358945076505026
CUST_2292,0.05307591562864828
CUST_2293,0.09018562215784424
CUST_2294,0.05253361080958588
CUST_2295,0.13101531424194637
CUST_2296,0.03820630209533771
CUST_2297,0.0821246088045088
CUST_2298,0.05392216325988174
CUST_2299,0.06031200077175189
CUST_2300,0.0613727155317342
CUST_2301,0.0882553418954724
CUST_2302,0.10308843882380488
CUST_2303,0.10016506537241036
CUST_2304,0.08832473659494004
CUST_2305,0.12146772667653799
CUST_2306,0.05945340007685851
CUST_2307,0.07569299001036368
CUST_2308,0.08213190366520164
CUST_2309,0.06937454133682926
CUST_2310,0.05119208499264798
CUST_2311,0.05638720399569902
CUST_2312,0.06602769035723427
CUST_2313,0.05920902123274954
CUST_2314,0.04037288251477116
CUST_2315,0.07787746670037166
CUST_2316,0.03865156892732716
CUST_2317,0.05093976221159067
CUST_2318,0.08506642010120587
CUST_2319,0.07183027052633996
CUST_2320,0.10102479734681002
CUST_2321,0.04035777322201895
CUST_2322,0.05806123925416379
CUST_2323,0.05700622674223854
CUST_2324,0.06622653681286035
CUST_2325,0.05282741880088291
CUST_2326,0.0695419390964578
CUST_2327,0.07726401410696906
CUST_2328,0.035380471606673396
CUST_2329,0.1206008645621034
CUST_2330,0.09476076734963258
CUST_2331,0.12409718216245597
CUST_2332,0.05612485882516777
CUST_2333,0.05271564777575494
CUST_2334,0.04937388870460094
CUST_2335,0.10794408176061283
CUST_2336,0.06825026345801516
CUST_2337,0.05369158849677253
CUST_2338,0.05478479604790609
CUST_2339,0.08851779000125924
CUST_2340,0.055481644286999206
CUST_2341,0.0406396386893584
CUST_2342,0.05758938160843915
CUST_2343,0.06141944403778719
CUST_2344,0.10939813366519036
CUST_2345,0.07405822853482873
CUST_2346,0.08047139746935894
CUST_2347,0.12007324773156776
CUST_2348,0.05731624287640627
CUST_2349,0.06922220660009604
CUST_2350,0.04645411500050828
CUST_2351,0.07793388075950987
CUST_2352,0.06698180932701961
CUST_2353,0.11819004218289934
CUST_2354,0.08154206926964569
CUST_2355,0.09111122748798546
CUST_2356,0.05286951178609802
CUST_2357,0.04330194723298076
CUST_2358,0.07522304477234065
CUST_2359,0.09949151556385975
CUST_2360,0.09493476748713188
CUST_2361,0.07536973084118831
CUST_2362,0.07065276430491563
CUST_2363,0.07631095972079072
CUST_2364,0.04639775008666799
CUST_2365,0.0733856813488611
CUST_2366,0.09182281925928655
CUST_2367,0.054136516627647104
CUST_2368,0.067831105451572
CUST_2369,0.08345544520408538
CUST_2370,0.06818254660439488
CUST_2371,0.09014521497999672
CUST_2372,0.04833770560656268
CUST_2373,0.06949983643453665
CUST_2374,0.09062832453911414
CUST_2375,0.10642935193316645
CUST_2376,0.07828068967310052
CUST_2377,0.05371239946728679
CUST_2378,0.07906769386089436
CUST_2379,0.09400101842849916
CUST_2380,0.07696719103526865
CUST_2381,0.06642006591373924
CUST_2382,0.06439695231913309
CUST_2383,0.08312187870055592
CUST_2384,0.06824242484471495
CUST_2385,0.08825113003565209
CUST_2386,0.09000518403900097
CUST_2387,0.06574701247542859
CUST_2388,0.07281860944982874
CUST_2389,0.06162329213687015
CUST_2390,0.05779088895759241
CUST_2391,0.05599808203083212
CUST_2392,0.06295925918016258
CUST_2393,0.10484912606015724
CUST_2394,0.12314077519713229
CUST_2395,0.07231966125920049
CUST_2396,0.1486281275327441
CUST_2397,0.044579085640146704
CUST_2398,0.08639001250705403
CUST_2399,0.06716754511811167
CUST_2400,0.0801026093005718
CUST_2401,0.05453965584669581
CUST_2402,0.08214637315736399
CUST_2403,0.09534474285842805
CUST_2404,0.05631800416425014
CUST_2405,0.03246190915630416
CUST_2406,0.09826988262489138
CUST_2407,0.041036318971160564
CUST_2408,0.07583709248471061
CUST_2409,0.0720760919823825
CUST_2410,0.0877812594522601
CUST_2411,0.08819455022372287
CUST_2412,0.05983202685680483
CUST_2413,0.04163492103980964
CUST_2414,0.05049086204577868
CUST_2415,0.08152169209147007
CUST_2416,0.04924144516670775
CUST_2417,0.1078880040511422
CUST_2418,0.07671041706001329
CUST_2419,0.09010828265613025
CUST_2420,0.09964846441307777
CUST_2421,0.09396787097959054
CUST_2422,0.08742139112428086
CUST_2423,0.05001135841579842
CUST_2424,0.07368644464778736
CUST_2425,0.07288248514228574
CUST_2426,0.05939179868632973
CUST_2427,0.05571228973463651
CUST_2428,0.07876867670152518
CUST_2429,0.06177647352128512
CUST_2430,0.06275191783211816
CUST_2431,0.06493941997639151
CUST_2432,0.05116191528744185
CUST_2433,0.05994647503531442
CUST_2434,0.12372948829538259
CUST_2435,0.05912592052703111
CUST_2436,0.12332319117670516
CUST_2437,0.03993850801327047
CUST_2438,0.06826758811083965
CUST_2439,0.07782880868656936
CUST_2440,0.0583580051133328
CUST_2441,0.08191226359089308
CUST_2442,0.10391608301575389
CUST_2443,0.05600545625190415
CUST_2444,0.07113859311059087
CUST_2445,0.0691675716079848
CUST_2446,0.04787935702179332
CUST_2447,0.09561845605977039
CUST_2448,0.0990809099547632
CUST_2449,0.06717256883927887
CUST_2450,0.05733653786769932
CUST_2451,0.06907936231685903
CUST_2452,0.06132594532994323
CUST_2453,0.07223265745706664
CUST_2454,0.06395544503878049
CUST_2455,0.0720829264069955
CUST_2456,0.04619801536139446
CUST_2457,0.049397579832917225
CUST_2458,0.06822090489262085
CUST_2459,0.04776985932149918
CUST_2460,0.08169103431092509
CUST_2461,0.08147183956936237
CUST_2462,0.05975456085166486
CUST_2463,0.09434424637019312
CUST_2464,0.07212392357286063
CUST_2465,0.07693466529915809
CUST_2466,0.03620314480719304
CUST_2467,0.03503053502566226
CUST_2468,0.07227124587676155
CUST_2469,0.05967942579360155
CUST_2470,0.0948152612969222
CUST_2471,0.060483774070150174
CUST_2472,0.11075669394911164
CUST_2473,0.0902715000393876
CUST_2474,0.04661253982362692
CUST_2475,0.0681613210928524
CUST_2476,0.06699748895088765
CUST_2477,0.06096837981017946
CUST_2478,0.1162374341511152
CUST_2479,0.0741132075085696
CUST_2480,0.08461040156672155
CUST_2481,0.0799053486175182
CUST_2482,0.059929739309629915
CUST_2483,0.09712651183101388
CUST_2484,0.10507565391401996
CUST_2485,0.06788953952571836
CUST_2486,0.06331015301235542
CUST_2487,0.03784667697103746
CUST_2488,0.049334761673404746
CUST_2489,0.07026853895570068
CUST_2490,0.07149783791189314
CUST_2491,0.07670699826794562
CUST_2492,0.06934442234906713
CUST_2493,0.03848282412482002
CUST_2494,0.0649470396680896
CUST_2495,0.10418401238212355
CUST_2496,0.059423457326614026
CUST_2497,0.0641433992334867
CUST_2498,0.09165113525920422
CUST_2499,0.054723628850188465
CUST_2500,0.060250021603698335
CUST_2501,0.0442564375570857
CUST_2502,0.08531857790002391
CUST_2503,0.05032072927657341
CUST_2504,0.1221377030215798
CUST_2505,0.0806617703224352
CUST_2506,0.12986278635436804
CUST_2507,0.04750994572863932
CUST_2508,0.07600450894897295
CUST_2509,0.08300817565450047
CUST_2510,0.06239887575663825
CUST_2511,0.07061611874029965
CUST_2512,0.04341309084317169
CUST_2513,0.09445126888346737
CUST_2514,0.09199405978790069
CUST_2515,0.049789673542028394
CUST_2516,0.0672181673775961
CUST_2517,0.08463368150709566
CUST_2518,0.0835067039803269
CUST_2519,0.04468848134647561
CUST_2520,0.07554280748092711
CUST_2521,0.06396517518586116
CUST_2522,0.06743457534641163
CUST_2523,0.061078468258757616
CUST_2524,0.06451282251748675
CUST_2525,0.16047421138481086
CUST_2526,0.0853907379424808
CUST_2527,0.05986156844517996
CUST_2528,0.08400550797453038
CUST_2529,0.06294835146185679
CUST_2530,0.09696952451373775
CUST_2531,0.10345744083498132
CUST_2532,0.0693688939387516
CUST_2533,0.06633868194634894
CUST_2534,0.06757803721338408
CUST_2535,0.05515318921580991
CUST_2536,0.08728134601431836
CUST_2537,0.07686378944179616
CUST_2538,0.069334354766149
CUST_2539,0.1526204606495419
CUST_2540,0.04504840593314443
CUST_2541,0.0739700507245349
CUST_2542,0.04319785527121758
CUST_2543,0.05938058701993764
CUST_2544,0.05598301649592518
CUST_2545,0.09583692490370595
CUST_2546,0.06957537121033415
CUST_2547,0.08341575246054439
CUST_2548,0.05083369261405262
CUST_2549,0.05912671173556198
CUST_2550,0.12776587037688222
CUST_2551,0.04467156400798172
CUST_2552,0.05794004183512159
CUST_2553,0.10524462698438093
CUST_2554,0.07451208334575682
CUST_2555,0.05547518649146704
CUST_2556,0.07314073212263604
CUST_2557,0.11882774344993434
CUST_2558,0.06383147783227475
CUST_2559,0.07064387725936921
CUST_2560,0.04301598557181007
CUST_2561,0.09833826987227644
CUST_2562,0.04776934866783656
CUST_2563,0.08566892639790129
CUST_2564,0.08473145421807737
CUST_2565,0.07317755417046613
CUST_2566,0.08852508603810061
CUST_2567,0.08380301705524469
CUST_2568,0.0607364244707323
CUST_2569,0.06697169239684321
CUST_2570,0.05861767690178507
CUST_2571,0.06658783588574126
CUST_2572,0.052558058913061194
CUST_2573,0.08458437217404564
CUST_2574,0.07626533873549547
CUST_2575,0.05554874128773076
CUST_2576,0.0714906441630445
CUST_2577,0.06688030550218554
CUST_2578,0.05729923219116876
CUST_2579,0.03699729089029885
CUST_2580,0.10207688855651038
CUST_2581,0.1088577208274631
CUST_2582,0.0911899529222066
CUST_2583,0.07041985806422536
CUST_2584,0.0925892834676804
CUST_2585,0.03837101358905406
CUST_2586,0.05762857882226497
CUST_2587,0.06995171360570021
CUST_2588,0.08678135317366287
CUST_2589,0.06023273448252247
CUST_2590,0.05729208021529463
CUST_2591,0.04121412148238374
CUST_2592,0.062060014149795256
CUST_2593,0.1498163599091191
CUST_2594,0.04823901404872411
CUST_2595,0.07811286765533153
CUST_2596,0.04934371900516335
CUST_2597,0.0832921985059175
CUST_2598,0.057237720010916614
CUST_2599,0.060629989145137876
CUST_2600,0.08422937947608561
CUST_2601,0.06559277002573954
CUST_2602,0.04113666858909631
CUST_2603,0.06737944511727016
CUST_2604,0.06187446579170879
CUST_2605,0.09331027077502828
CUST_2606,0.04103243951753058
CUST_2607,0.06908272700481606
CUST_2608,0.06882655581776272
CUST_2609,0.08479286982298535
CUST_2610,0.07254032635554658
CUST_2611,0.06994419005349596
CUST_2612,0.08417526297377272
CUST_2613,0.059518030294227524
CUST_2614,0.06486253925044405
CUST_2615,0.09984217871678992
CUST_2616,0.10669256703113694
CUST_2617,0.15409985213455488
CUST_2618,0.06974031491717725
CUST_2619,0.05947815170223175
CUST_2620,0.05126248033508682
CUST_2621,0.07588371612385623
CUST_2622,0.05360149263460612
CUST_2623,0.061984230185777756
CUST_2624,0.07591670699846316
CUST_2625,0.06974415589213852
CUST_2626,0.055256044809580934
CUST_2627,0.13793936231859105
CUST_2628,0.06159210780384002
CUST_2629,0.05306335975700562
CUST_2630,0.08162319389785386
CUST_2631,0.06274474077260718
CUST_2632,0.15470538735888203
CUST_2633,0.07829923381545106
CUST_2634,0.1181523239674439
CUST_2635,0.03484222182408326
CUST_2636,0.06796867350722964
CUST_2637,0.05576413027471672
CUST_2638,0.08508643549201066
CUST_2639,0.09860258789945332
CUST_2640,0.0397562766848499
CUST_2641,0.05891678354837543
CUST_2642,0.08294466562943849
CUST_2643,0.06541192310454481
CUST_2644,0.060268795470700166
CUST_2645,0.13637667295183867
CUST_2646,0.059196156860440996
CUST_2647,0.06571480098721018
CUST_2648,0.06372432945287813
CUST_2649,0.05305263928043128
CUST_2650,0.12381289449964135
CUST_2651,0.04434045798149943
CUST_2652,0.0664795068276285
CUST_2653,0.031296294321462574
CUST_2654,0.0688239383334983
CUST_2655,0.06637413441839306
CUST_2656,0.05420705391776797
CUST_2657,0.0651619875493618
CUST_2658,0.051042955848523586
CUST_2659,0.056701489990386655
CUST_2660,0.06702794209892003
CUST_2661,0.26133876873608325
CUST_2662,0.06822879993495265
CUST_2663,0.15562294547744485
CUST_2664,0.09362734812907784
CUST_2665,0.1465252156218916
CUST_2666,0.10645372042890161
CUST_2667,0.04006032526221579
CUST_2668,0.08097153621521229
CUST_2669,0.043048398263133225
CUST_2670,0.1253838268230509
CUST_2671,0.042779170638911033
CUST_2672,0.0640844855321847
CUST_2673,0.06367136984307274
CUST_2674,0.09743636081327806
CUST_2675,0.05325268069482617
CUST_2676,0.08282382320148196
CUST_2677,0.06117421341393272
CUST_2678,0.0868564272448989
CUST_2679,0.06955810965987334
CUST_2680,0.07558644462520563
CUST_2681,0.05574473843975336
CUST_2682,0.0884494935759126
CUST_2683,0.05251114859734035
CUST_2684,0.0633000473910478
CUST_2685,0.08593178066150997
CUST_2686,0.056572902968903986
CUST_2687,0.05414867241063696
CUST_2688,0.04535162552149961
CUST_2689,0.061971553810052926
CUST_2690,0.09841872455507696
CUST_2691,0.047211513497655795
CUST_2692,0.10815907833216822
CUST_2693,0.09474727246196836
CUST_2694,0.08206461245645075
CUST_2695,0.10883951775808509
CUST_2696,0.06467299574059106
CUST_2697,0.08471185950156661
CUST_2698,0.050105967051449436
CUST_2699,0.06737773612125052
CUST_2700,0.0702472387324956
CUST_2701,0.09573956977195158
CUST_2702,0.07548399729169064
CUST_2703,0.06549768507176013
CUST_2704,0.060450966257297824
CUST_2705,0.052536981187750714
CUST_2706,0.10547329537535366
CUST_2707,0.07637517698737391
CUST_2708,0.046772735492981915
CUST_2709,0.09769907745716366
CUST_2710,0.05160095634976287
CUST_2711,0.13460479346656204
CUST_2712,0.07919807295462833
CUST_2713,0.09785452668647505
CUST_2714,0.05346931408750875
CUST_2715,0.04967207477470222
CUST_2716,0.06470489018150051
CUST_2717,0.10819825571301012
CUST_2718,0.04505092776381913
CUST_2719,0.0746472001453341
CUST_2720,0.09219546258378102
CUST_2721,0.06319302950980994
CUST_2722,0.05542129885481572
CUST_2723,0.11359806238177798
CUST_2724,0.04495130037261011
CUST_2725,0.18222092071813725
CUST_2726,0.06242561416360946
CUST_2727,0.03540941058397478
CUST_2728,0.07614090398888672
CUST_2729,0.05848267439360625
CUST_2730,0.04279193099343404
CUST_2731,0.08137568573107198
CUST_2732,0.07740066720010186
CUST_2733,0.05273954080378748
CUST_2734,0.053079118808142894
CUST_2735,0.04220350344797651
CUST_2736,0.04361600089304191
CUST_2737,0.08530958403268572
CUST_2738,0.058209683808586786
CUST_2739,0.05842885907712322
CUST_2740,0.061297466769223964
CUST_2741,0.03932117185583164
CUST_2742,0.05394947023449211
CUST_2743,0.05998923249744264
CUST_2744,0.059651219270724226
CUST_2745,0.05801455492702409
CUST_2746,0.05406228845005464
CUST_2747,0.11519507682514855
CUST_2748,0.0401937906123304
CUST_2749,0.06255837763450706
CUST_2750,0.05335104847088964
CUST_2751,0.09784827983018544
CUST_2752,0.07045608021143288
CUST_2753,0.052784701426464
CUST_2754,0.0784769383276172
CUST_2755,0.06984009760983867
CUST_2756,0.07192897455284343
CUST_2757,0.08286648049490976
CUST_2758,0.05668711395484327
CUST_2759,0.049263555232364
CUST_2760,0.08757460300725028
CUST_2761,0.077232675883811
CUST_2762,0.09019449717271794
CUST_2763,0.0684526586793291
CUST_2764,0.09081019192809624
CUST_2765,0.054392565440172506
CUST_2766,0.058077112173291555
CUST_2767,0.0829315823123455
CUST_2768,0.05945241739993647
CUST_2769,0.07831701246096982
CUST_2770,0.06032241547009063
CUST_2771,0.11172493727791617
CUST_2772,0.06355923259908085
CUST_2773,0.07634709917886685
CUST_2774,0.07424429049668815
CUST_2775,0.08905973080543199
CUST_2776,0.05659792725321319
CUST_2777,0.058604803951657326
CUST_2778,0.05533146122343169
CUST_2779,0.14625615150705995
CUST_2780,0.04880659191803641
CUST_2781,0.04674934536156519
CUST_2782,0.05250674390439033
CUST_2783,0.08074311880326589
CUST_2784,0.0621479444304709
CUST_2785,0.07238492007846599
CUST_2786,0.06886767378006642
CUST_2787,0.05405603219603692
CUST_2788,0.06447969604780344
CUST_2789,0.07318348292073233
CUST_2790,0.05889690091872609
CUST_2791,0.19286766535086478
CUST_2792,0.16480729927075652
CUST_2793,0.06574862375784371
CUST_2794,0.09183899542938505
CUST_2795,0.06209831072297994
CUST_2796,0.07017979094711464
CUST_2797,0.06197418755626463
CUST_2798,0.07558399260138617
CUST_2799,0.09809442937785073
CUST_2800,0.0462983030086234
CUST_2801,0.055162169084868096
CUST_2802,0.052067114147912624
CUST_2803,0.09735352424384462
CUST_2804,0.042868859985354744
CUST_2805,0.12296906525758626
CUST_2806,0.05890335542121303
CUST_2807,0.047687719956607616
CUST_2808,0.08235081817982907
CUST_2809,0.08310221133404239
CUST_2810,0.09731067642657486
CUST_2811,0.05910283767154915
CUST_2812,0.044732451521578294
CUST_2813,0.2114828343298636
CUST_2814,0.06275148430324039
CUST_2815,0.08930432049234334
CUST_2816,0.08368811843309043
CUST_2817,0.044201434924462935
CUST_2818,0.04466845196703107
CUST_2819,0.04993673857520939
CUST_2820,0.04855016041841659
CUST_2821,0.050637091483070766
CUST_2822,0.07259906439095223
CUST_2823,0.08383191282735553
CUST_2824,0.06896500320737779
CUST_2825,0.05893470607149332
CUST_2826,0.06324354148174174
CUST_2827,0.07206793386432446
CUST_2828,0.06746062985219177
CUST_2829,0.04805994562762711
CUST_2830,0.061789602445343296
CUST_2831,0.05184774769375813
CUST_2832,0.06914163776532482
CUST_2833,0.09800045779294837
CUST_2834,0.05537603073099303
CUST_2835,0.05163700815539852
CUST_2836,0.0818463978985698
CUST_2837,0.050881419180456716
CUST_2838,0.10216044591259249
CUST_2839,0.0563746283023254
CUST_2840,0.07524665647926936
CUST_2841,0.12676109269792946
CUST_2842,0.09497923593332917
CUST_2843,0.07895267642756569
CUST_2844,0.0484517621907026
CUST_2845,0.12178251305211656
CUST_2846,0.07653854688761068
CUST_2847,0.08411272588297308
CUST_2848,0.07988691638868112
CUST_2849,0.08297653645884426
CUST_2850,0.0482020071229718
CUST_2851,0.06390242241110002
CUST_2852,0.049241865117093005
CUST_2853,0.05711389315794549
CUST_2854,0.10759641168973977
CUST_2855,0.1811724588470056
CUST_2856,0.04438155732276761
CUST_2857,0.0473222513409797
CUST_2858,0.0822657257471605
CUST_2859,0.10088133614202431
CUST_2860,0.07152735592886675
CUST_2861,0.05753293625402079
CUST_2862,0.14328279736823857
CUST_2863,0.06264289674085592
CUST_2864,0.06769184820782116
CUST_2865,0.0880112279596799
CUST_2866,0.08128376855070464
CUST_2867,0.046308398086840924
CUST_2868,0.052096176710112886
CUST_2869,0.09244585917153551
CUST_2870,0.06697480754658242
CUST_2871,0.03935196815250822
CUST_2872,0.07643924575325044
CUST_2873,0.04866172551554698
CUST_2874,0.06264708375268413
CUST_2875,0.08993963686036975
CUST_2876,0.05181978496777095
CUST_2877,0.052134663126784796
CUST_2878,0.0987090245259812
CUST_2879,0.10498720986108474
CUST_2880,0.08878340110821598
CUST_2881,0.08235548401733346
CUST_2882,0.0952605754408765
CUST_2883,0.0993892082180388
CUST_2884,0.08530748354953473
CUST_2885,0.047016828196310735
CUST_2886,0.037985557971777724
CUST_2887,0.06464544161826298
CUST_2888,0.07396985081478356
CUST_2889,0.17183210696365325
CUST_2890,0.07336080807581309
CUST_2891,0.07208238986684463
CUST_2892,0.05290430380971305
CUST_2893,0.028044159831477105
CUST_2894,0.08377662485485378
CUST_2895,0.07589643645992909
CUST_2896,0.060561710196126606
CUST_2897,0.07368911335149621
CUST_2898,0.09249006137557526
CUST_2899,0.06122920554486188
CUST_2900,0.05570798533240303
CUST_2901,0.05731282929104695
CUST_2902,0.0929145904877733
CUST_2903,0.057742791311323226
CUST_2904,0.04661072748975606
CUST_2905,0.05038934167799309
CUST_2906,0.04711152598633908
CUST_2907,0.129928167785689
CUST_2908,0.06465675469749317
CUST_2909,0.06072759079178241
CUST_2910,0.08564740939476302
CUST_2911,0.057113212878330565
CUST_2912,0.07635420814554851
CUST_2913,0.058284602475641135
CUST_2914,0.06096590645249315
CUST_2915,0.056501285048322865
CUST_2916,0.10349997989093089
CUST_2917,0.05792933120595265
CUST_2918,0.08441317321014617
CUST_2919,0.052177519397136045
CUST_2920,0.0874387566480248
CUST_2921,0.04973274705477405
CUST_2922,0.07765429645910417
CUST_2923,0.07139330335428036
CUST_2924,0.07138981421195624
CUST_2925,0.0560296396711162
CUST_2926,0.06055804772806528
CUST_2927,0.048272442019734574
CUST_2928,0.04826431530489828
CUST_2929,0.06269948740412472
CUST_2930,0.06026045636114588
CUST_2931,0.08273997721265848
CUST_2932,0.07025773759976837
CUST_2933,0.04927356783570624
CUST_2934,0.060217937613076034
CUST_2935,0.06539565186658132
CUST_2936,0.07621874903950497
CUST_2937,0.09573853662253694
CUST_2938,0.05189769471457203
CUST_2939,0.13973707969254837
CUST_2940,0.042559218605579006
CUST_2941,0.06694362159705226
CUST_2942,0.1044236056979591
CUST_2943,0.06596576962900971
CUST_2944,0.07111447781135545
CUST_2945,0.10430752309876738
CUST_2946,0.033875147199790574
CUST_2947,0.08285393571080435
CUST_2948,0.14018716642439585
CUST_2949,0.07985485021497882
CUST_2950,0.06978037144114228
CUST_2951,0.05541651538901806
CUST_2952,0.05800153584505818
CUST_2953,0.058682637175735075
CUST_2954,0.056251781285911996
CUST_2955,0.06617521186975657
CUST_2956,0.05147260369500495
CUST_2957,0.05901344488742549
CUST_2958,0.0409485817438495
CUST_2959,0.07644160804809631
CUST_2960,0.1071280921148741
CUST_2961,0.06854551487724099
CUST_2962,0.15005150854340452
CUST_2963,0.08423061271815864
CUST_2964,0.04524857167209992
CUST_2965,0.10093194918429012
CUST_2966,0.12431594706650866
CUST_2967,0.05481878677956894
CUST_2968,0.0752255856801239
CUST_2969,0.08175126971439724
CUST_2970,0.08372385652132323
CUST_2971,0.05324651209086656
CUST_2972,0.055664054447973975
CUST_2973,0.0648987535121791
CUST_2974,0.11090025546800446
CUST_2975,0.056524268452286336
CUST_2976,0.04612472982697216
CUST_2977,0.04885327575845535
CUST_2978,0.08310643592941461
CUST_2979,0.07707758704470496
CUST_2980,0.05547850569785262
CUST_2981,0.13860765186864485
CUST_2982,0.08757991047960562
CUST_2983,0.06417848085389288
CUST_2984,0.05570711989080588
CUST_2985,0.04597436300997553
CUST_2986,0.14118507746133302
CUST_2987,0.0660365996657101
CUST_2988,0.08641456998928837
CUST_2989,0.05497993931783479
CUST_2990,0.06464160170431262
CUST_2991,0.060636861521526954
CUST_2992,0.052890527426230564
CUST_2993,0.059190776390400164
CUST_2994,0.08260665455023879
CUST_2995,0.0740457875914589
CUST_2996,0.09648410530496358
CUST_2997,0.05120362741264339
CUST_2998,0.07844091627532347
CUST_2999,0.14474028777664164
CUST_3000,0.06805486513749104
CUST_3001,0.06999476555654803
CUST_3002,0.07790067140528949
CUST_3003,0.09386095296133673
CUST_3004,0.0630192836283459
CUST_3005,0.09262131364228127
CUST_3006,0.06578116719288057
CUST_3007,0.05578653273814949
CUST_3008,0.09793358169859741
CUST_3009,0.06224977892447442
CUST_3010,0.06017771009296171
CUST_3011,0.07844677486245039
CUST_3012,0.07182775370416178
CUST_3013,0.05558528761660167
CUST_3014,0.040716369363273684
CUST_3015,0.046633891163271705
CUST_3016,0.06177751323124723
CUST_3017,0.07943351186091924
CUST_3018,0.05560250492076756
CUST_3019,0.11648685103578671
CUST_3020,0.0606699591586228
CUST_3021,0.04165783378336871
CUST_3022,0.05245887351670803
CUST_3023,0.047379032907286546
CUST_3024,0.06342029299815445
CUST_3025,0.08797666567691542
CUST_3026,0.07370205798662417
CUST_3027,0.0631288833257528
CUST_3028,0.09733177888685744
CUST_3029,0.07545251326183516
CUST_3030,0.10906863423736729
CUST_3031,0.11786094118994905
CUST_3032,0.10779669425936644
CUST_3033,0.0837663013230585
CUST_3034,0.07210413932063554
CUST_3035,0.05730793070106957
CUST_3036,0.05518664024987593
CUST_3037,0.06236934653063178
CUST_3038,0.058624160335516734
CUST_3039,0.06202047139886552
CUST_3040,0.07065645391306015
CUST_3041,0.10710418730488706
CUST_3042,0.06266729537233644
CUST_3043,0.053736790469203356
CUST_3044,0.12623430223224597
CUST_3045,0.08859852831958603
CUST_3046,0.08764335454779454
CUST_3047,0.06903739204927327
CUST_3048,0.06198944150099636
CUST_3049,0.049136490611000956
CUST_3050,0.07448890566274295
CUST_3051,0.1071149606908376
CUST_3052,0.15028235041113977
CUST_3053,0.09215396938949061
CUST_3054,0.07573369633774697
CUST_3055,0.051340737727102397
CUST_3056,0.07405108080976089
CUST_3057,0.05521136238651198
CUST_3058,0.07652606975666117
CUST_3059,0.07051706481158027
CUST_3060,0.04896633370366387
CUST_3061,0.05830180692405004
CUST_3062,0.07685890234856751
CUST_3063,0.1605866127132832
CUST_3064,0.07809836952873384
CUST_3065,0.06384896985115508
CUST_3066,0.04958795100957162
CUST_3067,0.06795372824780928
CUST_3068,0.07433234779622112
CUST_3069,0.047053807739002675
CUST_3070,0.07884548846259902
CUST_3071,0.07785245235368686
CUST_3072,0.044474553626673165
CUST_3073,0.07583730909403356
CUST_3074,0.05301455370416091
CUST_3075,0.09565219798036123
CUST_3076,0.09053986557006495
CUST_3077,0.07881870047853988
CUST_3078,0.06687007818091419
CUST_3079,0.06450303062261668
CUST_3080,0.054624561456703656
CUST_3081,0.05566448964266669
CUST_3082,0.07881043602667992
CUST_3083,0.048355382171195664
CUST_3084,0.06573179278614366
CUST_3085,0.06465557327931783
CUST_3086,0.08619373436091561
CUST_3087,0.0447950631401778
CUST_3088,0.0883620614439163
CUST_3089,0.05406475427596308
CUST_3090,0.06568623527318938
CUST_3091,0.0754827333613387
CUST_3092,0.0666318300696341
CUST_3093,0.05269081234792117
CUST_3094,0.0652236444024746
CUST_3095,0.10516766595249606
CUST_3096,0.08573107020010783
CUST_3097,0.05740479468848514
CUST_3098,0.08306235293048576
CUST_3099,0.0721417731750286
CUST_3100,0.0800846137544501
CUST_3101,0.08840585019225482
CUST_3102,0.07743410589693038
CUST_3103,0.06647872287245891
CUST_3104,0.05622621827970905
CUST_3105,0.07475239946980532
CUST_3106,0.06125090973713074
CUST_3107,0.0643126486371811
CUST_3108,0.06698329796198232
CUST_3109,0.05008985606883209
CUST_3110,0.06279749836341421
CUST_3111,0.07025564288888511
CUST_3112,0.08528206708442655
CUST_3113,0.06213195528146607
CUST_3114,0.10420555354475819
CUST_3115,0.0683722862179328
CUST_3116,0.08138378792851962
CUST_3117,0.06218105636794414
CUST_3118,0.05976052079189049
CUST_3119,0.0767242776679738
CUST_3120,0.05748422686434263
CUST_3121,0.08668165558264478
CUST_3122,0.08133971932694974
CUST_3123,0.07786291246595574
CUST_3124,0.0645893142947167
CUST_3125,0.0764227487063454
CUST_3126,0.11128204526275139
CUST_3127,0.04974887391061306
CUST_3128,0.09516814337992403
CUST_3129,0.0855707029618024
CUST_3130,0.08031256944058897
CUST_3131,0.04289612765073338
CUST_3132,0.06716900946217376
CUST_3133,0.05094130735598942
CUST_3134,0.06533486419795666
CUST_3135,0.1042898121681915
CUST_3136,0.07986904635064922
CUST_3137,0.057235479625994685
CUST_3138,0.03801870524948727
CUST_3139,0.04776809334655113
CUST_3140,0.06787916491679823
CUST_3141,0.06969923974859904
CUST_3142,0.05172510050343423
CUST_3143,0.06756979972060889
CUST_3144,0.07731928806301487
CUST_3145,0.08133407848478509
CUST_3146,0.05648406842246076
CUST_3147,0.17832303654435258
CUST_3148,0.057690183285935635
CUST_3149,0.052610127853820875
CUST_3150,0.07838897232388362
CUST_3151,0.07390111432031839
CUST_3152,0.11248580599104335
CUST_3153,0.07993707567501822
CUST_3154,0.09284906195328547
CUST_3155,0.05703892554874953
CUST_3156,0.05960060463363757
CUST_3157,0.06963381342793655
CUST_3158,0.04571560239704073
CUST_3159,0.041602336716879164
CUST_3160,0.05738932988896222
CUST_3161,0.057718281810927315
CUST_3162,0.06158187520244071
CUST_3163,0.05473177229739206
CUST_3164,0.06569464732426877
CUST_3165,0.06434662609262483
CUST_3166,0.07343112966015519
CUST_3167,0.0680523801596941
CUST_3168,0.052921988132750536
CUST_3169,0.06621010760619948
CUST_3170,0.05431246254401676
CUST_3171,0.07418200896342768
CUST_3172,0.07214826760246529
CUST_3173,0.04071724852741831
CUST_3174,0.09232571010746164
CUST_3175,0.053745398037973575
CUST_3176,0.07771612060978296
CUST_3177,0.07428628939338909
CUST_3178,0.0875288758916179
CUST_3179,0.09654728601639273
CUST_3180,0.09092284763277757
CUST_3181,0.06601246283309935
CUST_3182,0.06547288728944663
CUST_3183,0.10848642100368172
CUST_3184,0.061457735038936014
CUST_3185,0.037543659470788686
CUST_3186,0.08461540358282
CUST_3187,0.07766385744984954
CUST_3188,0.0708428372231874
CUST_3189,0.0836830647270172
CUST_3190,0.04649869928294126
CUST_3191,0.04142970197579099
CUST_3192,0.15590850737359707
CUST_3193,0.08515861738152226
CUST_3194,0.052085558215563495
CUST_3195,0.08661860749273763
CUST_3196,0.0810943146193337
CUST_3197,0.07951515956090165
CUST_3198,0.062455578703871695
CUST_3199,0.11939390801830187
CUST_3200,0.045635695203360895
CUST_3201,0.03849220705361571
CUST_3202,0.055440574326074736
CUST_3203,0.07114727653061544
CUST_3204,0.08325359382702349
CUST_3205,0.06896418150040813
CUST_3206,0.0454821932262188
CUST_3207,0.06683812862781056
CUST_3208,0.07183745582877532
CUST_3209,0.05907077554710848
CUST_3210,0.08844467292635848
CUST_3211,0.08214534404918157
CUST_3212,0.0733069721445208
CUST_3213,0.04117341140606844
CUST_3214,0.0992740331260063
CUST_3215,0.07787283885015389
CUST_3216,0.07489524160425635
CUST_3217,0.06889872607077374
CUST_3218,0.08520080281042397
CUST_3219,0.06494265721074072
CUST_3220,0.0760437350989402
CUST_3221,0.09954475791901995
CUST_3222,0.07448990286031547
CUST_3223,0.0983745426868489
CUST_3224,0.08681536394114593
CUST_3225,0.0676859701365379
CUST_3226,0.06984373888726714
CUST_3227,0.03985039225599266
CUST_3228,0.12366464412814947
CUST_3229,0.06385863929412394
CUST_3230,0.06590659358031033
CUST_3231,0.05595523817779877
CUST_3232,0.08940416446794457
CUST_3233,0.0737130892329938
CUST_3234,0.054363555407334084
CUST_3235,0.08803937534112301
CUST_3236,0.051137870288348576
CUST_3237,0.03369012867899235
CUST_3238,0.09574414811142325
CUST_3239,0.07122171616152055
CUST_3240,0.08051561588770446
CUST_3241,0.06748563109047934
CUST_3242,0.07048607507988931
CUST_3243,0.10522007856501218
CUST_3244,0.09245964533197848
CUST_3245,0.0633058755428149
CUST_3246,0.053752660110720885
CUST_3247,0.05669955789125911
CUST_3248,0.113306081715723
CUST_3249,0.05420716110495458
CUST_3250,0.11079517988931752
CUST_3251,0.09550579071281096
CUST_3252,0.07617347233906141
CUST_3253,0.09127066220931318
CUST_3254,0.09560806792372557
CUST_3255,0.06609409456767719
CUST_3256,0.08925474147095713
CUST_3257,0.07216470915755002
CUST_3258,0.05931393533730712
CUST_3259,0.11207167796680713
CUST_3260,0.08926722865041113
CUST_3261,0.07382765678856683
CUST_3262,0.07059162124083145
CUST_3263,0.05648929589866633
CUST_3264,0.07131775381706358
CUST_3265,0.11431126698253181
CUST_3266,0.06432371362383069
CUST_3267,0.056586681674256595
CUST_3268,0.06788559369298673
CUST_3269,0.053880420395421125
CUST_3270,0.08716827278481677
CUST_3271,0.08469923351743631
CUST_3272,0.06036052888439617
CUST_3273,0.08461048480271355
CUST_3274,0.05423393525603846
CUST_3275,0.05455220930992866
CUST_3276,0.2884916366398827
CUST_3277,0.05998207260262333
CUST_3278,0.09806848045613055
CUST_3279,0.07528288930750794
CUST_3280,0.07278815416241526
CUST_3281,0.06047301571091318
CUST_3282,0.0755346670637043
CUST_3283,0.05072873473155055
CUST_3284,0.09414572745597338
CUST_3285,0.041302385276200344
CUST_3286,0.0850145739111942
CUST_3287,0.06402416937223308
CUST_3288,0.08082622320163664
CUST_3289,0.0671728483629078
CUST_3290,0.13923000651541229
CUST_3291,0.05081837042917908
CUST_3292,0.05732331236929956
CUST_3293,0.05653275138578687
CUST_3294,0.10931926121465985
CUST_3295,0.0844011186355615
CUST_3296,0.07340563194051272
CUST_3297,0.06834886889070273
CUST_3298,0.10142702106314473
CUST_3299,0.04596554740385334
CUST_3300,0.07904042943943941
CUST_3301,0.17223826555988367
CUST_3302,0.09188052828809025
CUST_3303,0.07704071359266075
CUST_3304,0.08035894191882247
CUST_3305,0.06541233571988307
CUST_3306,0.04873536557760442
CUST_3307,0.0736287150251929
CUST_3308,0.09174417016882284
CUST_3309,0.09370919359937989
CUST_3310,0.06550650815864142
CUST_3311,0.08422717343848857
CUST_3312,0.06897694363707342
CUST_3313,0.05945332398921715
CUST_3314,0.07345513693870019
CUST_3315,0.1485835550664314
CUST_3316,0.062272378726711895
CUST_3317,0.04392477968119047
CUST_3318,0.12078441601237168
CUST_3319,0.04477585011501459
CUST_3320,0.05789425620498362
CUST_3321,0.07400029708174852
CUST_3322,0.06574570797333942
CUST_3323,0.06167725306741809
CUST_3324,0.06481096860670402
CUST_3325,0.06632525410160431
CUST_3326,0.10727301838387877
CUST_3327,0.06293290115566458
CUST_3328,0.12310566072482067
CUST_3329,0.054761223543194876
CUST_3330,0.06091711737244666
CUST_3331,0.0665760533956879
CUST_3332,0.10330929361589612
CUST_3333,0.08353282087714135
CUST_3334,0.05638727998030635
CUST_3335,0.13705752969097496
CUST_3336,0.04031228818058975
CUST_3337,0.08936496932426456
CUST_3338,0.0808947517876561
CUST_3339,0.052702090995436955
CUST_3340,0.042001456823197954
CUST_3341,0.06250727920236127
CUST_3342,0.12181257491159936
CUST_3343,0.06748910662146096
CUST_3344,0.09664197304202415
CUST_3345,0.03208675476910424
CUST_3346,0.08755902965817974
CUST_3347,0.059814538578893024
CUST_3348,0.07321718242415716
CUST_3349,0.09062165086181795
CUST_3350,0.08969682185586762
CUST_3351,0.08603364349866742
CUST_3352,0.0904139716425284
CUST_3353,0.05262093635597942
CUST_3354,0.08045243684575039
CUST_3355,0.08173058935316056
CUST_3356,0.04653925079925097
CUST_3357,0.07093657287609288
CUST_3358,0.0739434752013664
CUST_3359,0.06985118004923302
CUST_3360,0.08646959803346065
CUST_3361,0.07978622378667388
CUST_3362,0.0752597391548097
CUST_3363,0.10802076995338276
CUST_3364,0.07418594179484371
CUST_3365,0.05183032099712942
CUST_3366,0.058467150006375944
CUST_3367,0.09430052116511319
CUST_3368,0.08711846538791151
CUST_3369,0.06888628434272755
CUST_3370,0.07680613532535983
CUST_3371,0.058359166813255946
CUST_3372,0.0717002757806638
CUST_3373,0.08716132858512138
CUST_3374,0.07655271817859662
CUST_3375,0.06308193425684398
CUST_3376,0.06718692767507999
CUST_3377,0.0650148722123856
CUST_3378,0.05719978968949976
CUST_3379,0.09392357776065226
CUST_3380,0.07428880461303759
CUST_3381,0.08288685187654778
CUST_3382,0.07418204366946037
CUST_3383,0.0870113614075827
CUST_3384,0.06501408630546028
CUST_3385,0.07516522849883968
CUST_3386,0.05308636981658176
CUST_3387,0.0754274187014999
CUST_3388,0.11121092998429916
CUST_3389,0.06458662424125694
CUST_3390,0.05849632664882395
CUST_3391,0.06014123355978283
CUST_3392,0.06752720732807563
CUST_3393,0.07485369869588938
CUST_3394,0.06277897542368353
CUST_3395,0.0667527354983918
CUST_3396,0.07277772877863714
CUST_3397,0.08852612733714647
CUST_3398,0.05060993649077728
CUST_3399,0.06531565745648708
CUST_3400,0.04564758717222772
CUST_3401,0.056424535303866076
CUST_3402,0.08170385684080031
CUST_3403,0.052198802721393704
CUST_3404,0.07498737417246885
CUST_3405,0.05611460958524058
CUST_3406,0.04633622636340453
CUST_3407,0.06303304735112022
CUST_3408,0.05561144376055698
CUST_3409,0.12290173747823702
CUST_3410,0.07375977032467852
CUST_3411,0.09197222360741412
CUST_3412,0.051855252208631596
CUST_3413,0.14726214535632698
CUST_3414,0.08357478323440022
CUST_3415,0.09264340351583567
CUST_3416,0.0680448440246147
CUST_3417,0.10307965828223574
CUST_3418,0.059916996221335485
CUST_3419,0.05499877512242015
CUST_3420,0.05942066616818123
CUST_3421,0.06695405638324858
CUST_3422,0.07858093916440681
CUST_3423,0.07021266584190476
CUST_3424,0.05443512824440741
CUST_3425,0.10273009304407947
CUST_3426,0.07663028806575754
CUST_3427,0.06287449218556201
CUST_3428,0.07223548683589948
CUST_3429,0.08558401814614248
CUST_3430,0.09220283992864003
CUST_3431,0.07902639090403561
CUST_3432,0.06447841859701837
CUST_3433,0.09314907388325257
CUST_3434,0.08008081686988651
CUST_3435,0.07042943746523202
CUST_3436,0.06311372868469704
CUST_3437,0.04770174001683469
CUST_3438,0.05076506324025281
CUST_3439,0.07870578413922176
CUST_3440,0.07512507515932955
CUST_3441,0.07504688742957469
CUST_3442,0.10371780116012473
CUST_3443,0.041616885984223584
CUST_3444,0.06561306240727728
CUST_3445,0.04736957279187326
CUST_3446,0.058362185088292697
CUST_3447,0.09316900829114888
CUST_3448,0.07027087832434735
CUST_3449,0.12333342969254814
CUST_3450,0.0952760664037781
CUST_3451,0.07767186697402906
CUST_3452,0.07976972497294955
CUST_3453,0.12165920841460476
CUST_3454,0.09919719477710025
CUST_3455,0.061684828533534096
CUST_3456,0.18210641911349545
CUST_3457,0.06534047352547469
CUST_3458,0.09944992531272202
CUST_3459,0.12550072689651373
CUST_3460,0.07899392230984863
CUST_3461,0.05452446072612039
CUST_3462,0.06593669666744302
CUST_3463,0.05676398185416931
CUST_3464,0.07516704787339497
CUST_3465,0.051123909659772926
CUST_3466,0.07301495022231198
CUST_3467,0.0861569175484459
CUST_3468,0.12257235848871521
CUST_3469,0.1264854168251267
CUST_3470,0.06010766883461888
CUST_3471,0.17134954549709014
CUST_3472,0.08374885868333387
CUST_3473,0.06628993213432893
CUST_3474,0.09148175282019207
CUST_3475,0.03610751311778476
CUST_3476,0.11581238215674111
CUST_3477,0.05024441185557247
CUST_3478,0.08249396161181366
CUST_3479,0.09583679069123167
CUST_3480,0.05632404302418536
CUST_3481,0.06905461427237884
CUST_3482,0.05371454932411592
CUST_3483,0.05255873939141064
CUST_3484,0.045316414513067255
CUST_3485,0.06920086960299211
CUST_3486,0.09986168587228113
CUST_3487,0.05176794903679969
CUST_3488,0.06062743833287926
CUST_3489,0.08239519334032279
CUST_3490,0.05855145253229092
CUST_3491,0.06068564122188682
CUST_3492,0.0888994738783852
CUST_3493,0.0708536902414597
CUST_3494,0.09832559811876156
CUST_3495,0.05713096118333676
CUST_3496,0.057813493663393944
CUST_3497,0.11161589665041217
CUST_3498,0.036976976562101985
CUST_3499,0.16385283747257554
CUST_3500,0.07037290240421241
CUST_3501,0.04631982082390996
CUST_3502,0.08513214777582022
CUST_3503,0.0559513140144269
CUST_3504,0.09181867503040635
CUST_3505,0.04984262636363428
CUST_3506,0.06262738091009308
CUST_3507,0.07461967187859397
CUST_3508,0.035608825596240075
CUST_3509,0.07028884549539839
CUST_3510,0.07439227686005366
CUST_3511,0.06135952113413379
CUST_3512,0.10668079267742499
CUST_3513,0.05905445001638201
CUST_3514,0.05923058072804841
CUST_3515,0.053092136239328624
CUST_3516,0.06318663398415543
CUST_3517,0.04732917332292964
CUST_3518,0.07277276449879962
CUST_3519,0.08179555641523709
CUST_3520,0.06349850734453655
CUST_3521,0.05631940142280628
CUST_3522,0.12777623050214415
CUST_3523,0.10527886028843476
CUST_3524,0.06457385779996898
CUST_3525,0.050541577909000525
CUST_3526,0.0749644699582815
CUST_3527,0.0448926158905314
CUST_3528,0.030285729151539736
CUST_3529,0.047624487992980684
CUST_3530,0.2572182191800337
CUST_3531,0.08477106447419784
CUST_3532,0.06346122992944456
CUST_3533,0.08769452398767615
CUST_3534,0.06738753960242093
CUST_3535,0.06369575194675513
CUST_3536,0.06726044434170707
CUST_3537,0.059234156401380376
CUST_3538,0.14775756103285323
CUST_3539,0.06448236441362404
CUST_3540,0.09973918812566508
CUST_3541,0.06057011551931347
CUST_3542,0.07909569673106641
CUST_3543,0.0633396561158145
CUST_3544,0.05142402486524781
CUST_3545,0.06148081867763213
CUST_3546,0.06251655978487759
CUST_3547,0.08577898636415388
CUST_3548,0.10561962017362407
CUST_3549,0.059256011543622755
CUST_3550,0.06436526661525911
CUST_3551,0.0530731476550767
CUST_3552,0.05407135752222467
CUST_3553,0.0487707608966699
CUST_3554,0.08358635126475938
CUST_3555,0.0601055565545545
CUST_3556,0.0365198916231669
CUST_3557,0.058397328991031595
CUST_3558,0.0748482623008054
CUST_3559,0.053038830919155365
CUST_3560,0.08573449584059112
CUST_3561,0.10130239257100353
CUST_3562,0.09309911637059949
CUST_3563,0.042238258549725856
CUST_3564,0.0881336328812829
CUST_3565,0.05880644150455603
CUST_3566,0.09155777348802713
CUST_3567,0.04652711697046338
CUST_3568,0.07925114958705896
CUST_3569,0.05136248814812794
CUST_3570,0.06285151325518822
CUST_3571,0.10110384989107167
CUST_3572,0.047145143989564604
CUST_3573,0.06847305824394782
CUST_3574,0.09776787357719935
CUST_3575,0.05183644165862741
CUST_3576,0.05448321858707039
CUST_3577,0.06549566616206597
CUST_3578,0.07450308355135489
CUST_3579,0.07308926243134374
CUST_3580,0.06052920364798119
CUST_3581,0.0660482135530712
CUST_3582,0.07149562712017125
CUST_3583,0.10997503802926521
CUST_3584,0.07747404797107123
CUST_3585,0.05213911718848749
CUST_3586,0.08871310619772522
CUST_3587,0.1297531510802185
CUST_3588,0.09291010156206082
CUST_3589,0.07885545022304079
CUST_3590,0.04372631570002905
CUST_3591,0.07792246099023309
CUST_3592,0.15395437707759774
CUST_3593,0.06024555791926143
CUST_3594,0.08023957497233446
CUST_3595,0.059003918184368544
CUST_3596,0.07078759473179763
CUST_3597,0.06169246633355884
CUST_3598,0.0649334908085282
CUST_3599,0.07308047460230033
CUST_3600,0.048767391877124554
CUST_3601,0.04844223004819759
CUST_3602,0.057353167296500585
CUST_3603,0.09545999990819087
CUST_3604,0.05294419321647089
CUST_3605,0.0643162118145321
CUST_3606,0.07659140219486808
CUST_3607,0.08000980064729986
CUST_3608,0.05950765934184269
CUST_3609,0.05173265783962374
CUST_3610,0.08434574525750847
CUST_3611,0.05992535000992961
CUST_3612,0.07443391463741052
CUST_3613,0.0628790936597869
CUST_3614,0.055141275333389826
CUST_3615,0.0495267613118709
CUST_3616,0.0705958335888627
CUST_3617,0.09310141168081225
CUST_3618,0.06546846969605817
CUST_3619,0.07732355581754587
CUST_3620,0.09302319357540383
CUST_3621,0.08193848064253474
CUST_3622,0.08745712959163839
CUST_3623,0.04210018219198125
CUST_3624,0.06897154205544206
CUST_3625,0.05066125398889498
CUST_3626,0.17135519690370504
CUST_3627,0.06221411564733551
CUST_3628,0.07672879089928104
CUST_3629,0.07994524547093416
CUST_3630,0.049854414159799305
CUST_3631,0.07911729124069618
CUST_3632,0.0766032828339527
CUST_3633,0.04060961424142893
CUST_3634,0.04821886262116392
CUST_3635,0.06440505742014604
CUST_3636,0.0658420856831123
CUST_3637,0.05387202676425093
CUST_3638,0.0854724587738162
CUST_3639,0.04007308747415901
CUST_3640,0.05727161370335332
CUST_3641,0.05742744648460657
CUST_3642,0.04794788210705251
CUST_3643,0.04049808300049698
CUST_3644,0.055431124116727314
CUST_3645,0.04950693123754962
CUST_3646,0.09773269798100505
CUST_3647,0.14036301926441963
CUST_3648,0.05362472093720352
CUST_3649,0.07011900280469
CUST_3650,0.05337037452311464
CUST_3651,0.10133217707331314
CUST_3652,0.07861910819596825
CUST_3653,0.07356376359876125
CUST_3654,0.050758122555901425
CUST_3655,0.10229655078038173
CUST_3656,0.07034653272142798
CUST_3657,0.06566582300342283
CUST_3658,0.0742993560991308
CUST_3659,0.0583843826796463
CUST_3660,0.05671518553046378
CUST_3661,0.1042246030562692
CUST_3662,0.06959978051617594
CUST_3663,0.0542688114318147
CUST_3664,0.1130706866072156
CUST_3665,0.07510176044872315
CUST_3666,0.06765656841641238
CUST_3667,0.06492565297910552
CUST_3668,0.07101773104511482
CUST_3669,0.0569443981552172
CUST_3670,0.06302535800340749
CUST_3671,0.09547148502909246
CUST_3672,0.06201206742871359
CUST_3673,0.0705464713699039
CUST_3674,0.08569330593151354
CUST_3675,0.07473100556360704
CUST_3676,0.04723051718259489
CUST_3677,0.06445717413676734
CUST_3678,0.06271227457937224
CUST_3679,0.09192453702057639
CUST_3680,0.049167504799377176
CUST_3681,0.05709088425919112
CUST_3682,0.09427555057548598
CUST_3683,0.09342855414405464
CUST_3684,0.08224809798268884
CUST_3685,0.0864665884438421
CUST_3686,0.10287413826331833
CUST_3687,0.056380469613240246
CUST_3688,0.0748683313635846
CUST_3689,0.06303208390488589
CUST_3690,0.06226581207160642
CUST_3691,0.07942708205376647
CUST_3692,0.05745386206008065
CUST_3693,0.05932405469028041
CUST_3694,0.04294069147482806
CUST_3695,0.05166472238066466
CUST_3696,0.07963539336799823
CUST_3697,0.0684582079280986
CUST_3698,0.10727509032664793
CUST_3699,0.08583882399119702
CUST_3700,0.058751173170479114
CUST_3701,0.14541732733293847
CUST_3702,0.05226482844249636
CUST_3703,0.0899442488826213
CUST_3704,0.07366547771677799
CUST_3705,0.04700809126883366
CUST_3706,0.10850422651012082
CUST_3707,0.34075458292005983
CUST_3708,0.09835951032097338
CUST_3709,0.028721960886529525
CUST_3710,0.07652153658422743
CUST_3711,0.048482249165171916
CUST_3712,0.08165323036104642
CUST_3713,0.0601204047634351
CUST_3714,0.06416763269552435
CUST_3715,0.049386549409004214
CUST_3716,0.08457673794573174
CUST_3717,0.08862811274893619
CUST_3718,0.09854978747838346
CUST_3719,0.0677425464703121
CUST_3720,0.07448190187741056
CUST_3721,0.056630188140858705
CUST_3722,0.04484942886740678
CUST_3723,0.06410090857490665
CUST_3724,0.08089965717396529
CUST_3725,0.08529966226294877
CUST_3726,0.08355276912550626
CUST_3727,0.06626353374816316
CUST_3728,0.07542266845476338
CUST_3729,0.08112402640269115
CUST_3730,0.060352637417354776
CUST_3731,0.11118237425879972
CUST_3732,0.09982086681276982
CUST_3733,0.08012145503958784
CUST_3734,0.06539531908487702
CUST_3735,0.08074212968856398
CUST_3736,0.08955777924869303
CUST_3737,0.06218462560947787
CUST_3738,0.13299058472727032
CUST_3739,0.07368780022495187
CUST_3740,0.04875314341489031
CUST_3741,0.042849520671674246
CUST_3742,0.07586279386833243
CUST_3743,0.19992094734550184
CUST_3744,0.06850955389560483
CUST_3745,0.03887318904262966
CUST_3746,0.06701519190821784
CUST_3747,0.09056827955209164
CUST_3748,0.06541570949612906
CUST_3749,0.09232023477940181
CUST_3750,0.06804018369899494
CUST_3751,0.08238260710961903
CUST_3752,0.0768012717163472
CUST_3753,0.06955145534646172
CUST_3754,0.06913574995435391
CUST_3755,0.07059918423274161
CUST_3756,0.057603792589899915
CUST_3757,0.11481813786090804
CUST_3758,0.055085705116260014
CUST_3759,0.0519071339126965
CUST_3760,0.07770766322053953
CUST_3761,0.05296390145505913
CUST_3762,0.052754037418553244
CUST_3763,0.057142263658349124
CUST_3764,0.07234604631985532
CUST_3765,0.051420963662885365
CUST_3766,0.0345165556206482
CUST_3767,0.07790756601557218
CUST_3768,0.15701801779317173
CUST_3769,0.22119040039895066
CUST_3770,0.08810183658726871
CUST_3771,0.08461159203479808
CUST_3772,0.05518222115158878
CUST_3773,0.04912331245679095
CUST_3774,0.06500115556945868
CUST_3775,0.06892149494377518
CUST_3776,0.06125106852074617
CUST_3777,0.07254676085231355
CUST_3778,0.05594755506639342
CUST_3779,0.06187388960654009
CUST_3780,0.09078443158620651
CUST_3781,0.06333032981176805
CUST_3782,0.06105186987741305
CUST_3783,0.07373285738232063
CUST_3784,0.06069798990163385
CUST_3785,0.0810717708299904
CUST_3786,0.04917144370032517
CUST_3787,0.08580464703412027
CUST_3788,0.061133899748977004
CUST_3789,0.0602886539786208
CUST_3790,0.07288640962674252
CUST_3791,0.0580871417140704
CUST_3792,0.05803230710328152
CUST_3793,0.08156798256874724
CUST_3794,0.08841308145539417
CUST_3795,0.08055761604542283
CUST_3796,0.08007582031004304
CUST_3797,0.05075821221870406
CUST_3798,0.08335707231041538
CUST_3799,0.0908646092158673
CUST_3800,0.12172271534672378
CUST_3801,0.0713967472584013
CUST_3802,0.0740710662746233
CUST_3803,0.038644809022078695
CUST_3804,0.07948472973450647
CUST_3805,0.05193719491254833
CUST_3806,0.057615080160707315
CUST_3807,0.06501822532137479
CUST_3808,0.07082440127956881
CUST_3809,0.07827673706830506
CUST_3810,0.04231401942696016
CUST_3811,0.07888920147443985
CUST_3812,0.09177124035235025
CUST_3813,0.06903134714533656
CUST_3814,0.08300335511740671
CUST_3815,0.06351184139396092
CUST_3816,0.06253155028401085
CUST_3817,0.08161452174993496
CUST_3818,0.11551062944125168
CUST_3819,0.11375951402891409
CUST_3820,0.07893758848903122
CUST_3821,0.1837999412894895
CUST_3822,0.05924412143753202
CUST_3823,0.06017690550190392
CUST_3824,0.09317597405244878
CUST_3825,0.10519720642332502
CUST_3826,0.050318435500879076
CUST_3827,0.0611228433920905
CUST_3828,0.07597222594530315
CUST_3829,0.07877893266686758
CUST_3830,0.06574262211872113
CUST_3831,0.06919189730254487
CUST_3832,0.08848405119685082
CUST_3833,0.10143496592250979
CUST_3834,0.04497901010662702
CUST_3835,0.06612216748510376
CUST_3836,0.10009084412879317
CUST_3837,0.053602737242291136
CUST_3838,0.10100410635408008
CUST_3839,0.12033303332421481
CUST_3840,0.08042785067772758
CUST_3841,0.09626969237549159
CUST_3842,0.10860507017705105
CUST_3843,0.06720336335308795
CUST_3844,0.0882422614801644
CUST_3845,0.08477162295289771
CUST_3846,0.04739222956392839
CUST_3847,0.0502412086813866
CUST_3848,0.04895041587237136
CUST_3849,0.04914329730041239
CUST_3850,0.08327941787578509
CUST_3851,0.08062966628062893
CUST_3852,0.07966212164139333
CUST_3853,0.05527910990350788
CUST_3854,0.06982202276433765
CUST_3855,0.06087516785228277
CUST_3856,0.1327792247601165
CUST_3857,0.06600684841288397
CUST_3858,0.12272308190782222
CUST_3859,0.06213260581250953
CUST_3860,0.0682174631834423
CUST_3861,0.03135629270775455
CUST_3862,0.11304193164005609
CUST_3863,0.08785589778605991
CUST_3864,0.07842155497499925
CUST_3865,0.0666251923225042
CUST_3866,0.08969670452449591
CUST_3867,0.06084943609771806
CUST_3868,0.09758035247792418
CUST_3869,0.07746971816779415
CUST_3870,0.06660953198620974
CUST_3871,0.08522807155002043
CUST_3872,0.07402246677791363
CUST_3873,0.04820029369413507
CUST_3874,0.05987036795478107
CUST_3875,0.09704389207564844
CUST_3876,0.06502071169793698
CUST_3877,0.06630320534515206
CUST_3878,0.07505003317291135
CUST_3879,0.07319273365761693
CUST_3880,0.1030217612134514
CUST_3881,0.04421667099309742
CUST_3882,0.08492885441199194
CUST_3883,0.0934311037453346
CUST_3884,0.03894533930642529
CUST_3885,0.05035685857813785
CUST_3886,0.08973687104651758
CUST_3887,0.07666522092671
CUST_3888,0.07645960321039542
CUST_3889,0.08171706921141259
CUST_3890,0.08800026130617722
CUST_3891,0.04184773604663458
CUST_3892,0.06318904303004723
CUST_3893,0.04528569908719204
CUST_3894,0.0899377806877225
CUST_3895,0.03265621067754359
CUST_3896,0.0703957892140858
CUST_3897,0.10302406948445386
CUST_3898,0.09264564174227792
CUST_3899,0.06586994140290807
CUST_3900,0.057299426555120415
CUST_3901,0.05120488485694091
CUST_3902,0.06718776843252094
CUST_3903,0.0777464157176198
CUST_3904,0.06766891881714568
CUST_3905,0.06498185178622654
CUST_3906,0.08566066133950519
CUST_3907,0.07066061346815887
CUST_3908,0.07730792525315762
CUST_3909,0.07399124797538378
CUST_3910,0.0789087637092016
CUST_3911,0.0580848386964895
CUST_3912,0.07024225551886891
CUST_3913,0.0656842181322744
CUST_3914,0.07655096230046425
CUST_3915,0.061893251397723364
CUST_3916,0.06186829047722182
CUST_3917,0.0841580356367206
CUST_3918,0.04516871054618449
CUST_3919,0.03803477487644522
CUST_3920,0.0662282565443841
CUST_3921,0.057145483753342975
CUST_3922,0.07180504685941112
CUST_3923,0.126548390543851
CUST_3924,0.08188940734642987
CUST_3925,0.07862814484099957
CUST_3926,0.06725942963392724
CUST_3927,0.05463387972207401
CUST_3928,0.07585579596801266
CUST_3929,0.0932531762832091
CUST_3930,0.06883813835337443
CUST_3931,0.0826202357973705
CUST_3932,0.06658365330447667
CUST_3933,0.08019697215249355
CUST_3934,0.06627747573929392
CUST_3935,0.04964543564157322
CUST_3936,0.05010633163878764
CUST_3937,0.07626970534494262
CUST_3938,0.0713474439027905
CUST_3939,0.09096593552267841
CUST_3940,0.053500702805804455
CUST_3941,0.07696542651881434
CUST_3942,0.07749487672921786
CUST_3943,0.059508107030935
CUST_3944,0.07719866279809025
CUST_3945,0.06149694741213942
CUST_3946,0.09176748891479036
CUST_3947,0.07548815112726627
CUST_3948,0.0788278673460739
CUST_3949,0.08127633225782525
CUST_3950,0.08428610459613901
CUST_3951,0.0606283636524308
CUST_3952,0.07968542298848731
CUST_3953,0.07151283986431152
CUST_3954,0.07466072210738545
CUST_3955,0.09439121661566958
CUST_3956,0.09006754268886115
CUST_3957,0.045058456085354255
CUST_3958,0.04731906453780982
CUST_3959,0.08174763083726547
CUST_3960,0.049480781078271495
CUST_3961,0.05847325132362615
CUST_3962,0.06310879256086073
CUST_3963,0.04471835325320448
CUST_3964,0.06717156239885082
CUST_3965,0.06486954059494167
CUST_3966,0.09029793721863762
CUST_3967,0.08494430345803798
CUST_3968,0.05189811126399387
CUST_3969,0.0950673015506411
CUST_3970,0.19493322520093362
CUST_3971,0.07226461036223147
CUST_3972,0.07577434088578795
CUST_3973,0.0689550103235942
CUST_3974,0.06307843343759284
CUST_3975,0.06899530129399527
CUST_3976,0.09792773185749139
CUST_3977,0.04672165257613325
CUST_3978,0.05154671254213522
CUST_3979,0.04839840098902364
CUST_3980,0.07414808272923679
CUST_3981,0.07574013343103687
CUST_3982,0.05145826097005516
CUST_3983,0.060518016522425805
CUST_3984,0.079527707446907
CUST_3985,0.09124391116355603
CUST_3986,0.061383148963148
CUST_3987,0.07457573309060368
CUST_3988,0.09747275701397828
CUST_3989,0.08430385463189007
CUST_3990,0.0577125234432278
CUST_3991,0.07594313422055203
CUST_3992,0.04594379703383191
CUST_3993,0.12108248621090152
CUST_3994,0.05782521481191396
CUST_3995,0.04570183165940276
CUST_3996,0.05401352786573412
CUST_3997,0.04128160696004553
CUST_3998,0.056089127740285426
CUST_3999,0.07921546139556739
CUST_4000,0.06594350210583654
CUST_4001,0.056381216860606466
CUST_4002,0.08399584575242486
CUST_4003,0.04476842669579912
CUST_4004,0.06254364507008532
CUST_4005,0.08074776313783595
CUST_4006,0.11643460537580186
CUST_4007,0.04860708657609842
CUST_4008,0.052530576151848564
CUST_4009,0.057427917807114176
CUST_4010,0.07143121063916075
CUST_4011,0.05668746367259984
CUST_4012,0.06475097333603098
CUST_4013,0.04112498353647053
CUST_4014,0.0734153688527951
CUST_4015,0.08612155946344702
CUST_4016,0.0912462690953758
CUST_4017,0.06491148150211147
CUST_4018,0.07126527464415477
CUST_4019,0.10346847218432233
CUST_4020,0.06962565079019119
CUST_4021,0.04912125850168559
CUST_4022,0.04742130198312131
CUST_4023,0.08808780810167799
CUST_4024,0.0756374434738487
CUST_4025,0.07404851983701753
CUST_4026,0.07343427993649189
CUST_4027,0.04838878842947655
CUST_4028,0.04725367682990303
CUST_4029,0.03812597145045458
CUST_4030,0.06378298176020054
CUST_4031,0.052017218906997516
CUST_4032,0.09378327966656878
CUST_4033,0.05827788137459533
CUST_4034,0.08761934557897395
CUST_4035,0.09761561461304574
CUST_4036,0.07321942490728663
CUST_4037,0.11165586601109306
CUST_4038,0.18733002453138922
CUST_4039,0.1337061560060186
CUST_4040,0.06319868265804672
CUST_4041,0.06787364333003662
CUST_4042,0.13028715834338653
CUST_4043,0.10684743133323381
CUST_4044,0.08438689598988691
CUST_4045,0.08338782710061345
CUST_4046,0.050237186806546034
CUST_4047,0.142093599959109
CUST_4048,0.07139829260258689
CUST_4049,0.0884967117671243
CUST_4050,0.056505775265785436
CUST_4051,0.1153003374094342
CUST_4052,0.05604241044290729
CUST_4053,0.07453488082983663
CUST_4054,0.06863439809783557
CUST_4055,0.10897468156144824
CUST_4056,0.062103081032268116
CUST_4057,0.06293036644228826
CUST_4058,0.039584869417526904
CUST_4059,0.08876198397037632
CUST_4060,0.06659245494159034
CUST_4061,0.06063482564380165
CUST_4062,0.06685319613209832
CUST_4063,0.0944098116538082
CUST_4064,0.07461427812369138
CUST_4065,0.0568200189033068
CUST_4066,0.07873788645860254
CUST_4067,0.05786013933428579
CUST_4068,0.06159548792200715
CUST_4069,0.05081317739954238
CUST_4070,0.03974601709793247
CUST_4071,0.05065138974528923
CUST_4072,0.076519474336927
CUST_4073,0.06509800599879768
CUST_4074,0.09257968455630185
CUST_4075,0.09578835048785912
CUST_4076,0.04414173993557746
CUST_4077,0.065544135647665
CUST_4078,0.0413152426688024
CUST_4079,0.14060484623445793
CUST_4080,0.13313819674128222
CUST_4081,0.06674351521154724
CUST_4082,0.054557731947067305
CUST_4083,0.14605616567119067
CUST_4084,0.06176936953367992
CUST_4085,0.06323221590103885
CUST_4086,0.05726867920623379
CUST_4087,0.05959294407705489
CUST_4088,0.07277545262014774
CUST_4089,0.06653232953984456
CUST_4090,0.08358461302280877
CUST_4091,0.06715001336259323
CUST_4092,0.07262648304665516
CUST_4093,0.06835439921396473
CUST_4094,0.1021409462315997
CUST_4095,0.06370913380773281
CUST_4096,0.05605245469404669
CUST_4097,0.09314257963585743
CUST_4098,0.08189286169819564
CUST_4099,0.06738009839481116
CUST_4100,0.059598979691936234
CUST_4101,0.04406819077706258
CUST_4102,0.05934275313534645
CUST_4103,0.06860695130559176
CUST_4104,0.06488282339400879
CUST_4105,0.06242309574962874
CUST_4106,0.0858882250870806
CUST_4107,0.056906632704358646
CUST_4108,0.08031271093296169
CUST_4109,0.06460296550664611
CUST_4110,0.08764114727052989
CUST_4111,0.10179008976215564
CUST_4112,0.06544026967906547
CUST_4113,0.05354401088700095
CUST_4114,0.09310026426598461
CUST_4115,0.13253103400140231
CUST_4116,0.05689279731560942
CUST_4117,0.05134496412603773
CUST_4118,0.04961899214148211
CUST_4119,0.08792147939739843
CUST_4120,0.047820900175580446
CUST_4121,0.08939444205745045
CUST_4122,0.06029833537938487
CUST_4123,0.04376235582604362
CUST_4124,0.0691823807817711
CUST_4125,0.0608335834707343
CUST_4126,0.054196661932103395
CUST_4127,0.08081151308076334
CUST_4128,0.04570761377024491
CUST_4129,0.04855133337540061
CUST_4130,0.0520269592500684
CUST_4131,0.07950821445786299
CUST_4132,0.07566898758672855
CUST_4133,0.06943491504544033
CUST_4134,0.051068719108567195
CUST_4135,0.06543056632203828
CUST_4136,0.07832898623493738
CUST_4137,0.08381884382929418
CUST_4138,0.07036260364981081
CUST_4139,0.06492312761665027
CUST_4140,0.0821372668939397
CUST_4141,0.0750118433633255
CUST_4142,0.13267515754661066
CUST_4143,0.132682992382961
CUST_4144,0.060975391788589905
CUST_4145,0.08327929672892008
CUST_4146,0.05984206185198628
CUST_4147,0.06387712132250854
CUST_4148,0.058403574335901154
CUST_4149,0.07951965110882987
CUST_4150,0.07623255603518367
CUST_4151,0.07573453143876499
CUST_4152,0.05702071799335797
CUST_4153,0.08905995605765386
CUST_4154,0.08870346280482823
CUST_4155,0.0746443154155104
CUST_4156,0.09445802382061863
CUST_4157,0.042358998933361376
CUST_4158,0.038129961099200166
CUST_4159,0.04590338780698727
CUST_4160,0.09183830904114847
CUST_4161,0.05549136167808196
CUST_4162,0.09655572142288595
CUST_4163,0.04772297890104771
CUST_4164,0.04886795158326018
CUST_4165,0.06860643491601878
CUST_4166,0.036722461395628965
CUST_4167,0.07829817554129714
CUST_4168,0.07252386204282303
CUST_4169,0.06426287480933046
CUST_4170,0.07367346596106922
CUST_4171,0.1093407447867335
CUST_4172,0.0795819464580302
CUST_4173,0.05608446862036446
CUST_4174,0.055254184131916594
CUST_4175,0.04700030989633455
CUST_4176,0.07366711011344165
CUST_4177,0.05745223375905085
CUST_4178,0.056478881540276284
CUST_4179,0.07971701303801045
CUST_4180,0.043451260822587275
CUST_4181,0.08869575264065845
CUST_4182,0.0684132656813552
CUST_4183,0.056936121636588066
CUST_4184,0.046248707431410546
CUST_4185,0.04743496026105182
CUST_4186,0.058419818309264605
CUST_4187,0.05083396680385696
CUST_4188,0.11061479311810091
CUST_4189,0.09174150160225951
CUST_4190,0.11552807072899429
CUST_4191,0.07661914370179572
CUST_4192,0.07496947814561546
CUST_4193,0.1139533725735556
CUST_4194,0.10144463665606651
CUST_4195,0.06737921378625931
CUST_4196,0.060688251429183715
CUST_4197,0.09570732797880548
CUST_4198,0.08090606369736035
CUST_4199,0.08672345238404623
CUST_4200,0.05741560696339317
CUST_4201,0.08917905681278272
CUST_4202,0.07679731139617935
CUST_4203,0.07540252157280547
CUST_4204,0.058561357441339244
CUST_4205,0.07307972333297828
CUST_4206,0.105290030799988
CUST_4207,0.036743844806062124
CUST_4208,0.08065897055544073
CUST_4209,0.0729599450866972
CUST_4210,0.05577776971647924
CUST_4211,0.0652720643863796
CUST_4212,0.054672370812937965
CUST_4213,0.05273067316865949
CUST_4214,0.14527618609734835
CUST_4215,0.06616186319518762
CUST_4216,0.06102767526309031
CUST_4217,0.08262219205765388
CUST_4218,0.07051695614208651
CUST_4219,0.06062989360852345
CUST_4220,0.10988584958441
CUST_4221,0.08724455951588102
CUST_4222,0.10441609150118648
CUST_4223,0.10410721111326404
CUST_4224,0.0662174275091791
CUST_4225,0.12852617722029813
CUST_4226,0.07417264566283348
CUST_4227,0.14678946744459068
CUST_4228,0.11863659106052755
CUST_4229,0.08293715419112051
CUST_4230,0.045297120909036044
CUST_4231,0.057569578687961975
CUST_4232,0.09474635273268384
CUST_4233,0.05906795068401327
CUST_4234,0.09074385050860569
CUST_4235,0.06300098136067496
CUST_4236,0.08824811069690203
CUST_4237,0.08850724162272051
CUST_4238,0.07156472359003756
CUST_4239,0.06356111115501852
CUST_4240,0.10047531778742284
CUST_4241,0.04625281208980408
CUST_4242,0.06134092720269895
CUST_4243,0.05577715212513651
CUST_4244,0.04203322662264483
CUST_4245,0.08425427284955629
CUST_4246,0.05545102039829228
CUST_4247,0.06221517446646474
CUST_4248,0.07563554629399026
CUST_4249,0.03468468355105991
CUST_4250,0.05716744511527891
CUST_4251,0.07058703177832334
CUST_4252,0.07828259604155423
CUST_4253,0.0773013131380383
CUST_4254,0.05251079373658087
CUST_4255,0.07637373896894428
CUST_4256,0.05685048468280974
CUST_4257,0.049711251336109964
CUST_4258,0.07739884425966029
CUST_4259,0.055403866963717185
CUST_4260,0.10590573019677148
CUST_4261,0.12109312357883469
CUST_4262,0.04583765792102188
CUST_4263,0.09009508520103883
CUST_4264,0.052854162877105974
CUST_4265,0.057613542614341734
CUST_4266,0.06428257354058992
CUST_4267,0.06768514439342722
CUST_4268,0.09843459880227458
CUST_4269,0.05875877018724444
CUST_4270,0.08394811039442905
CUST_4271,0.07119087415665747
CUST_4272,0.10476775490784695
CUST_4273,0.06747885025577192
CUST_4274,0.060871619533644505
CUST_4275,0.059073402025348255
CUST_4276,0.06918040759456236
CUST_4277,0.044199827399354095
CUST_4278,0.06550152426669803
CUST_4279,0.09378307163157429
CUST_4280,0.07966214109593371
CUST_4281,0.05463329419895211
CUST_4282,0.08412335797696792
CUST_4283,0.041741512387733305
CUST_4284,0.13125742534473459
CUST_4285,0.06667615198959385
CUST_4286,0.06909379886058428
CUST_4287,0.08821759334981831
CUST_4288,0.05867911007352585
CUST_4289,0.05266857224631811
CUST_4290,0.07451430933871646
CUST_4291,0.07413757159230899
CUST_4292,0.11625990587376951
CUST_4293,0.0568572109815934
CUST_4294,0.06053171143401715
CUST_4295,0.07403180013643074
CUST_4296,0.0811345236452878
CUST_4297,0.04822730231248098
CUST_4298,0.10864897607495298
CUST_4299,0.07792247179513563
CUST_4300,0.06747862905018005
CUST_4301,0.06777062795098478
CUST_4302,0.04961277753362007
CUST_4303,0.0650092295650389
CUST_4304,0.0686658694784159
CUST_4305,0.09947858448020981
CUST_4306,0.06376676594714308
CUST_4307,0.09113161130999665
CUST_4308,0.08543029256412799
CUST_4309,0.06393252816243568
CUST_4310,0.1871561191096028
CUST_4311,0.06262651896279106
CUST_4312,0.05142380344553126
CUST_4313,0.08840708212679467
CUST_4314,0.09497404495545857
CUST_4315,0.06067951640030405
CUST_4316,0.045084924340241285
CUST_4317,0.09836870865639542
CUST_4318,0.08635969027019373
CUST_4319,0.08242352388610387
CUST_4320,0.04159883145262764
CUST_4321,0.04576159815899219
CUST_4322,0.050235252908036494
CUST_4323,0.04043578736073498
CUST_4324,0.05311717687894251
CUST_4325,0.06646233970187429
CUST_4326,0.057463588854120264
CUST_4327,0.070057562476312
CUST_4328,0.06185508650244204
CUST_4329,0.05968658122467562
CUST_4330,0.07851356428051386
CUST_4331,0.13626656829215475
CUST_4332,0.0777106640103641
CUST_4333,0.0464441183086002
CUST_4334,0.05262892173959758
CUST_4335,0.08101406968590623
CUST_4336,0.06100747484863835
CUST_4337,0.058103719691138866
CUST_4338,0.05120909848176133
CUST_4339,0.06955577085913596
CUST_4340,0.04655924984093629
CUST_4341,0.06738776601764111
CUST_4342,0.06152464520109791
CUST_4343,0.08962824560261928
CUST_4344,0.09975154045736724
CUST_4345,0.06643635367430582
CUST_4346,0.08061262022869994
CUST_4347,0.05403793646544805
CUST_4348,0.061151674916684905
CUST_4349,0.050568519333554544
CUST_4350,0.08390297485004305
CUST_4351,0.07801947582182733
CUST_4352,0.07947842177154939
CUST_4353,0.08464385481068122
CUST_4354,0.10686274382686178
CUST_4355,0.06862023671314528
CUST_4356,0.06793144182529022
CUST_4357,0.044531468184991096
CUST_4358,0.09711316366737206
CUST_4359,0.04137505805728301
CUST_4360,0.09901745347771378
CUST_4361,0.06788912582752137
CUST_4362,0.07911694264823946
CUST_4363,0.05127746459944573
CUST_4364,0.12050570484652336
CUST_4365,0.07051342895556657
CUST_4366,0.10792214714703241
CUST_4367,0.04959681252337154
CUST_4368,0.07937862789804657
CUST_4369,0.1365637381626478
CUST_4370,0.07556857550105782
CUST_4371,0.07933007532567331
CUST_4372,0.04584272270108831
CUST_4373,0.06361528522997245
CUST_4374,0.06631826145512758
CUST_4375,0.0620412520457011
CUST_4376,0.09003225604238563
CUST_4377,0.05884820147212786
CUST_4378,0.04702237166324719
CUST_4379,0.05969541356696861
CUST_4380,0.04441096420322189
CUST_4381,0.0798518075370792
CUST_4382,0.07616235598666192
CUST_4383,0.07380538561145958
CUST_4384,0.09390679931792369
CUST_4385,0.12096814233561444
CUST_4386,0.05141185311795119
CUST_4387,0.07124586493214462
CUST_4388,0.07389695178541848
CUST_4389,0.052305399315773125
CUST_4390,0.08839689341466765
CUST_4391,0.055123644576460774
CUST_4392,0.05287986498965408
CUST_4393,0.07005917321355395
CUST_4394,0.10174982047324499
CUST_4395,0.05998597016341731
CUST_4396,0.06418569517428145
CUST_4397,0.05424723842761883
CUST_4398,0.06863138406981126
CUST_4399,0.06849748039700564
CUST_4400,0.05601936622696127
CUST_4401,0.06371318701427052
CUST_4402,0.10278648603511346
CUST_4403,0.031263334798757744
CUST_4404,0.07576044156815802
CUST_4405,0.04800795761925039
CUST_4406,0.08727798894758358
CUST_4407,0.06365478119462241
CUST_4408,0.06404996011129985
CUST_4409,0.05494112883356563
CUST_4410,0.07046412282691078
CUST_4411,0.07217882668885428
CUST_4412,0.09846293818050866
CUST_4413,0.12727351515942295
CUST_4414,0.11764443405421314
CUST_4415,0.06702335052199897
CUST_4416,0.05458888075027215
CUST_4417,0.08226772698391249
CUST_4418,0.06105782410744604
CUST_4419,0.08798204536410319
CUST_4420,0.11442546557729409
CUST_4421,0.05207793780189749
CUST_4422,0.06357485233747397
CUST_4423,0.07968372893590202
CUST_4424,0.08078131068638639
CUST_4425,0.09833990823727161
CUST_4426,0.06403146459502278
CUST_4427,0.07574328537077554
CUST_4428,0.06441711934332087
CUST_4429,0.0726520297487516
CUST_4430,0.07021307255653615
CUST_4431,0.06020349765121611
CUST_4432,0.1200899327006845
CUST_4433,0.05754787648476467
CUST_4434,0.1511957886232918
CUST_4435,0.03682335477927729
CUST_4436,0.07436354571143523
CUST_4437,0.03973665453416473
CUST_4438,0.06382710951206817
CUST_4439,0.06704099399012559
CUST_4440,0.08306306633879024
CUST_4441,0.04248622267233055
CUST_4442,0.08979397844404269
CUST_4443,0.06922076314241611
CUST_4444,0.06615358017021551
CUST_4445,0.051779316403471776
CUST_4446,0.04571492940124017
CUST_4447,0.07519762699051798
CUST_4448,0.04047649667712941
CUST_4449,0.04348429557554422
CUST_4450,0.15334661075949077
CUST_4451,0.052054588457150774
CUST_4452,0.09203803438178502
CUST_4453,0.12470313592566344
CUST_4454,0.06725296826270886
CUST_4455,0.059527510268555746
CUST_4456,0.08047112751395577
CUST_4457,0.06130925544850455
CUST_4458,0.04283259890368027
CUST_4459,0.08223459404121553
CUST_4460,0.08253357253095485
CUST_4461,0.06835145836056995
CUST_4462,0.06901618462726673
CUST_4463,0.0652985423134154
CUST_4464,0.06853730945267962
CUST_4465,0.04894556061393072
CUST_4466,0.18832724538456527
CUST_4467,0.0524708789238405
CUST_4468,0.0956858948639981
CUST_4469,0.0367547762378263
CUST_4470,0.04634534362384549
CUST_4471,0.07353714367653114
CUST_4472,0.06496535941710169
CUST_4473,0.06252102762348259
CUST_4474,0.09631086630627406
CUST_4475,0.0743805559012093
CUST_4476,0.03614168883282372
CUST_4477,0.14240558143506296
CUST_4478,0.08743693187653045
CUST_4479,0.0766797247528772
CUST_4480,0.07367772116280544
CUST_4481,0.0944229887253611
CUST_4482,0.060699366116142815
CUST_4483,0.06876847899510884
CUST_4484,0.06990239409349251
CUST_4485,0.07177370840281244
CUST_4486,0.09266860797880078
CUST_4487,0.11808917183110844
CUST_4488,0.07489455462536712
CUST_4489,0.03139247219065551
CUST_4490,0.0729721956020365
CUST_4491,0.06478391897509377
CUST_4492,0.05491797213028566
CUST_4493,0.0661246674751485
CUST_4494,0.04960849977119186
CUST_4495,0.04936738361673171
CUST_4496,0.04953138285299036
CUST_4497,0.06008109037660304
CUST_4498,0.0777179659924397
CUST_4499,0.06866264389815561
CUST_4500,0.08675578733856111
CUST_4501,0.07075866727336319
CUST_4502,0.05597571516750566
CUST_4503,0.05060926977781129
CUST_4504,0.04042928622178451
CUST_4505,0.06927968129748707
CUST_4506,0.08090706295637122
CUST_4507,0.06583078625724174
CUST_4508,0.05426339824137721
CUST_4509,0.05356306387006129
CUST_4510,0.046383325505281285
CUST_4511,0.08258514224362591
CUST_4512,0.05842359091764349
CUST_4513,0.0687070242496839
CUST_4514,0.07747586072323598
CUST_4515,0.06938174618163041
CUST_4516,0.12220185576360322
CUST_4517,0.11184464518708452
CUST_4518,0.03969815374049656
CUST_4519,0.0715019680630742
CUST_4520,0.05047943420899668
CUST_4521,0.07029118045968306
CUST_4522,0.06728475623314258
CUST_4523,0.05467330340773349
CUST_4524,0.10669737569210075
CUST_4525,0.07133398059394035
CUST_4526,0.05754498202003968
CUST_4527,0.11322893487466006
CUST_4528,0.08153769291662416
CUST_4529,0.08242920152037735
CUST_4530,0.06991701719003893
CUST_4531,0.05857824102550293
CUST_4532,0.0587291418436249
CUST_4533,0.11681680494101769
CUST_4534,0.055924374961635104
CUST_4535,0.05761604616568963
CUST_4536,0.06856847317993378
CUST_4537,0.04596844539879222
CUST_4538,0.07560446861378796
CUST_4539,0.05637192269551128
CUST_4540,0.06947444089838993
CUST_4541,0.046764692025379216
CUST_4542,0.0683555534191179
CUST_4543,0.13866389330538054
CUST_4544,0.09774864942569961
CUST_4545,0.08497419871092622
CUST_4546,0.06414573810374773
CUST_4547,0.04276468549374276
CUST_4548,0.06443282731243906
CUST_4549,0.07585725569790223
CUST_4550,0.06183723704743347
CUST_4551,0.033994169424200894
CUST_4552,0.05326623620584325
CUST_4553,0.08236932515792085
CUST_4554,0.08498035861679239
CUST_4555,0.05125130041237835
CUST_4556,0.07673521792114209
CUST_4557,0.04094200005208607
CUST_4558,0.051955407293697776
CUST_4559,0.04595201571690525
CUST_4560,0.09596658738101706
CUST_4561,0.053966227937029786
CUST_4562,0.04049945678873601
CUST_4563,0.05980866270060268
CUST_4564,0.07751206037043562
CUST_4565,0.07514741428551884
CUST_4566,0.060718108663171455
CUST_4567,0.07964519449357023
CUST_4568,0.0415942873190445
CUST_4569,0.05026661783915327
CUST_4570,0.08332489254134258
CUST_4571,0.07652357628650153
CUST_4572,0.040448569594662274
CUST_4573,0.06562969603989183
CUST_4574,0.07219514740479623
CUST_4575,0.07440953250883812
CUST_4576,0.07358946607853238
CUST_4577,0.06942644807035368
CUST_4578,0.05639650749803715
CUST_4579,0.053478732402984265
CUST_4580,0.04897478343700174
CUST_4581,0.08728480842952117
CUST_4582,0.050212732393984105
CUST_4583,0.08197858049539067
CUST_4584,0.06835498895423671
CUST_4585,0.07671158220402384
CUST_4586,0.07926950438412694
CUST_4587,0.041296505905957605
CUST_4588,0.05200355073299351
CUST_4589,0.04245389872244595
CUST_4590,0.08027889803097146
CUST_4591,0.07231872462200965
CUST_4592,0.04959355375303747
CUST_4593,0.058331154480180204
CUST_4594,0.07986845278918456
CUST_4595,0.09909533354276052
CUST_4596,0.06385352163745985
CUST_4597,0.14411087247668108
CUST_4598,0.05884587111211942
CUST_4599,0.10753847464793155
CUST_4600,0.06497550344816239
CUST_4601,0.07764280755784224
CUST_4602,0.13070429042771492
CUST_4603,0.13563483955791164
CUST_4604,0.04650735052639308
CUST_4605,0.07173285759286825
CUST_4606,0.0674114304906986
CUST_4607,0.09912544197492694
CUST_4608,0.07462654310857082
CUST_4609,0.06651349197455812
CUST_4610,0.062304775458192345
CUST_4611,0.05833091406494303
CUST_4612,0.07506199920732143
CUST_4613,0.07410930967454321
CUST_4614,0.08827193144645028
CUST_4615,0.06621697865918402
CUST_4616,0.058500592475542124
CUST_4617,0.0800370134145535
CUST_4618,0.056325522990824974
CUST_4619,0.05699242129793144
CUST_4620,0.04752639292581614
CUST_4621,0.06877613585830918
CUST_4622,0.054109070573393675
CUST_4623,0.09082761155892466
CUST_4624,0.06995830780244193
CUST_4625,0.06075639642363992
CUST_4626,0.07781693769365973
CUST_4627,0.06283169663014458
CUST_4628,0.057636545490957626
CUST_4629,0.07363194739957829
CUST_4630,0.08703027659796703
CUST_4631,0.07280623686144268
CUST_4632,0.09033441331627441
CUST_4633,0.09151376509229388
CUST_4634,0.06453549954739979
CUST_4635,0.05974293240339962
CUST_4636,0.07156403038215668
CUST_4637,0.05773313631514276
CUST_4638,0.1055354000963399
CUST_4639,0.09670860354985045
CUST_4640,0.04835569695527799
CUST_4641,0.08283668956192869
CUST_4642,0.06246249607291151
CUST_4643,0.06198725692546089
CUST_4644,0.06568853525789985
CUST_4645,0.08110523713509202
CUST_4646,0.10999129469124848
CUST_4647,0.10276109041779952
CUST_4648,0.07601218913249758
CUST_4649,0.06131412683350387
CUST_4650,0.0478389847655532
CUST_4651,0.07397851719374998
CUST_4652,0.06042860187964221
CUST_4653,0.08359165526690078
CUST_4654,0.06674013680990458
CUST_4655,0.10103059535985119
CUST_4656,0.10224135988140755
CUST_4657,0.07554837242346635
CUST_4658,0.06449640383229772
CUST_4659,0.05998080065474542
CUST_4660,0.05444052307248897
CUST_4661,0.0534696984572165
CUST_4662,0.08046823985570829
CUST_4663,0.08349679623246233
CUST_4664,0.13990913957981113
CUST_4665,0.08387371927193064
CUST_4666,0.03409827647985901
CUST_4667,0.07465718748338042
CUST_4668,0.048791163725562615
CUST_4669,0.06062097571200628
CUST_4670,0.05707756711279233
CUST_4671,0.03747092730689868
CUST_4672,0.09458719075575034
CUST_4673,0.07849937600476677
CUST_4674,0.07650903386017666
CUST_4675,0.07301833926298355
CUST_4676,0.06424953756925701
CUST_4677,0.08765858178628622
CUST_4678,0.060029243487028865
CUST_4679,0.07758004236944038
CUST_4680,0.07888620804604617
CUST_4681,0.052350486385629835
CUST_4682,0.057598714873293023
CUST_4683,0.05940955559267392
CUST_4684,0.05847125114316998
CUST_4685,0.053040064101067846
CUST_4686,0.14533276325382308
CUST_4687,0.06960984472921576
CUST_4688,0.05516102361776176
CUST_4689,0.07498781625138638
CUST_4690,0.06217610437748644
CUST_4691,0.09644693530119541
CUST_4692,0.07715574558915951
CUST_4693,0.042095259442183404
CUST_4694,0.06477877423957205
CUST_4695,0.055631363056327134
CUST_4696,0.0576257295458637
CUST_4697,0.11697984985758979
CUST_4698,0.06305314152446
CUST_4699,0.04362475294426659
CUST_4700,0.08157763477860591
CUST_4701,0.05186274085911746
CUST_4702,0.10597945321359703
CUST_4703,0.06287182094685599
CUST_4704,0.076729133755631
CUST_4705,0.06632586443574
CUST_4706,0.08360918173194687
CUST_4707,0.08055117184713262
CUST_4708,0.05569871476072403
CUST_4709,0.05299329934154471
CUST_4710,0.07413780044692113
CUST_4711,0.0708306124087736
CUST_4712,0.058992476065659244
CUST_4713,0.08290465624054355
CUST_4714,0.06969420661201765
CUST_4715,0.08973978044803499
CUST_4716,0.11827737572655478
CUST_4717,0.04986970017246756
CUST_4718,0.09511468351601193
CUST_4719,0.040169870506105876
CUST_4720,0.08273779159165567
CUST_4721,0.0646734441431671
CUST_4722,0.11909304154480004
CUST_4723,0.04504016409025594
CUST_4724,0.10018694364424559
CUST_4725,0.054475601620201784
CUST_4726,0.06591428796424602
CUST_4727,0.05877831493188241
CUST_4728,0.06215417244134577
CUST_4729,0.06310569110770708
CUST_4730,0.0801150976882158
CUST_4731,0.06262048780916689
CUST_4732,0.04477893451964083
CUST_4733,0.056287454407699306
CUST_4734,0.05946024070252103
CUST_4735,0.07378962906161379
CUST_4736,0.0670728365047875
CUST_4737,0.06594980044257824
CUST_4738,0.05296308685224712
CUST_4739,0.04913494687127718
CUST_4740,0.04326923320067851
CUST_4741,0.06634757359312968
CUST_4742,0.050821981716966697
CUST_4743,0.04100511616597242
CUST_4744,0.049215817117489485
CUST_4745,0.050158517964594446
CUST_4746,0.06997844070546541
CUST_4747,0.08035209597921034
CUST_4748,0.09207471780881345
CUST_4749,0.05994838614110006
CUST_4750,0.09080130913884993
CUST_4751,0.06208941881835887
CUST_4752,0.054837832071302904
CUST_4753,0.08424324012828839
CUST_4754,0.10158034303140999
CUST_4755,0.07745724046465326
CUST_4756,0.04722278345151212
CUST_4757,0.08898953193215288
CUST_4758,0.041339389707927464
CUST_4759,0.0753821356063658
CUST_4760,0.054906143628228904
CUST_4761,0.09936614012443053
CUST_4762,0.0729626351355962
CUST_4763,0.08464650196224432
CUST_4764,0.049793163138374334
CUST_4765,0.11046212972893323
CUST_4766,0.0846962607403085
CUST_4767,0.0496717075899489
CUST_4768,0.11178958489018347
CUST_4769,0.0969916991763079
CUST_4770,0.07588780455875097
CUST_4771,0.04839425260118372
CUST_4772,0.05805259500833054
CUST_4773,0.07561503196866197
CUST_4774,0.06516275487882746
CUST_4775,0.044904617915022205
CUST_4776,0.07140027476265677
CUST_4777,0.06443203244947909
CUST_4778,0.0936333898495006
CUST_4779,0.059604202198444055
CUST_4780,0.055389531562327905
CUST_4781,0.06914764723704966
CUST_4782,0.07080636917751883
CUST_4783,0.08984952885873694
CUST_4784,0.06440715918233862
CUST_4785,0.054458960533229676
CUST_4786,0.05613860918596897
CUST_4787,0.11507837262523048
CUST_4788,0.05191992213894536
CUST_4789,0.07021190761919997
CUST_4790,0.08106862957260426
CUST_4791,0.03659357534661486
CUST_4792,0.09578133495375495
CUST_4793,0.11991049369223723
CUST_4794,0.06792512537067628
CUST_4795,0.07295660047220708
CUST_4796,0.05355665410545881
CUST_4797,0.08319820051320646
CUST_4798,0.05234806921003204
CUST_4799,0.05751468361458171
CUST_4800,0.060696313073052864
CUST_4801,0.0409936558951948
CUST_4802,0.05627217804276865
CUST_4803,0.10124232838284519
CUST_4804,0.06710294398219334
CUST_4805,0.06682073997633675
CUST_4806,0.09691837538146304
CUST_4807,0.0909721762601271
CUST_4808,0.06867287977264135
CUST_4809,0.09052490326848646
CUST_4810,0.0684255411334196
CUST_4811,0.07346093121701912
CUST_4812,0.07441329944189617
CUST_4813,0.07263358565001878
CUST_4814,0.07256064203930515
CUST_4815,0.0521157573513388
CUST_4816,0.10010249913722968
CUST_4817,0.0651190477335846
CUST_4818,0.08886596486537718
CUST_4819,0.05522589420614115
CUST_4820,0.07322265548920567
CUST_4821,0.050477072044337164
CUST_4822,0.08302471878652262
CUST_4823,0.10048896965329723
CUST_4824,0.06351498934227555
CUST_4825,0.1256517236781416
CUST_4826,0.08933005630365447
CUST_4827,0.06389821718676027
CUST_4828,0.05741337229835782
CUST_4829,0.05845664370900581
CUST_4830,0.07377518633801215
CUST_4831,0.08757131366733677
CUST_4832,0.06565343874149064
CUST_4833,0.050860216931327924
CUST_4834,0.09656099325538287
CUST_4835,0.06731612307708872
CUST_4836,0.08879560931468779
CUST_4837,0.058128056885127434
CUST_4838,0.06688226082879074
CUST_4839,0.0488417331972868
CUST_4840,0.09223441880810644
CUST_4841,0.05124839738673376
CUST_4842,0.06215774368452901
CUST_4843,0.07940581579517757
CUST_4844,0.05446019614892828
CUST_4845,0.044650730404028505
CUST_4846,0.1080126899288419
CUST_4847,0.061373783667844295
CUST_4848,0.06530746923634641
CUST_4849,0.04556420281917306
CUST_4850,0.08777447561486691
CUST_4851,0.0641403256445793
CUST_4852,0.06552383169823442
CUST_4853,0.06522441865494312
CUST_4854,0.058572177078522226
CUST_4855,0.06445849490646426
CUST_4856,0.06480732367586525
CUST_4857,0.07945584731992998
CUST_4858,0.0657973155395422
CUST_4859,0.07223012805098729
CUST_4860,0.07011498277222024
CUST_4861,0.0972044005403429
CUST_4862,0.07249342831783752
CUST_4863,0.03876191635440013
CUST_4864,0.036544223947867875
CUST_4865,0.056395338464434126
CUST_4866,0.12258485411912855
CUST_4867,0.07216089148810095
CUST_4868,0.0734679172665086
CUST_4869,0.045909305600034644
CUST_4870,0.06865038651080285
CUST_4871,0.0989907436647458
CUST_4872,0.08284090268911842
CUST_4873,0.05465896459106823
CUST_4874,0.0502053816989238
CUST_4875,0.0735599528377602
CUST_4876,0.04770157835113959
CUST_4877,0.10265625786726466
CUST_4878,0.0746817982258997
CUST_4879,0.10118206001358637
CUST_4880,0.045562446892772814
CUST_4881,0.10904390405943541
CUST_4882,0.14966517598653226
CUST_4883,0.06991119576735946
CUST_4884,0.0430378278295539
CUST_4885,0.06852470242026668
CUST_4886,0.10927965026645203
CUST_4887,0.08441635147164585
CUST_4888,0.08659854700489732
CUST_4889,0.07215360429779559
CUST_4890,0.057718418289947164
CUST_4891,0.0590197450791873
CUST_4892,0.07524704866697379
CUST_4893,0.060563968590442906
CUST_4894,0.06488076861423468
CUST_4895,0.12951695961222906
CUST_4896,0.07208133139597604
CUST_4897,0.09933974855930283
CUST_4898,0.0658603216266915
CUST_4899,0.06740544185914044
CUST_4900,0.1023713926956331
CUST_4901,0.05913984062014568
CUST_4902,0.07288071688476687
CUST_4903,0.05440107632284307
CUST_4904,0.0570326616704811
CUST_4905,0.06763577488364293
CUST_4906,0.05778278645224474
CUST_4907,0.06243249938071075
CUST_4908,0.09015648151446592
CUST_4909,0.05688558832850333
CUST_4910,0.08453140417340836
CUST_4911,0.05960420638116193
CUST_4912,0.056675935429416895
CUST_4913,0.07367585979707914
CUST_4914,0.0813492222071114
CUST_4915,0.0906206360191487
CUST_4916,0.07671876882683025
CUST_4917,0.06110364428669168
CUST_4918,0.07955405874776907
CUST_4919,0.040552531942934324
CUST_4920,0.0788815441852715
CUST_4921,0.05863760971995319
CUST_4922,0.1861990618407189
CUST_4923,0.08103820431478609
CUST_4924,0.07887533167279746
CUST_4925,0.03483453491305414
CUST_4926,0.08324836872766306
CUST_4927,0.05706023946608865
CUST_4928,0.0873540487864647
CUST_4929,0.08649240194576309
CUST_4930,0.10014094980527218
CUST_4931,0.043713796821678745
CUST_4932,0.10125997246266072
CUST_4933,0.060257229366111144
CUST_4934,0.053870314059895084
CUST_4935,0.05848503207523372
CUST_4936,0.08924211587355223
CUST_4937,0.08077544846588323
CUST_4938,0.08309119028844138
CUST_4939,0.055910997984963844
CUST_4940,0.09633467423216964
CUST_4941,0.10389573175757057
CUST_4942,0.07860152496060717
CUST_4943,0.05392030770999321
CUST_4944,0.043475793676219975
CUST_4945,0.08617158526310444
CUST_4946,0.05905019885741979
CUST_4947,0.10871465499951877
CUST_4948,0.06499093499630455
CUST_4949,0.05013128704115627
CUST_4950,0.06685634273265093
CUST_4951,0.06875203703443725
CUST_4952,0.0716079010346599
CUST_4953,0.07540328031776349
CUST_4954,0.1552116863588917
CUST_4955,0.05125000978343173
CUST_4956,0.07567882676128154
CUST_4957,0.05982948581432667
CUST_4958,0.07537941755446782
CUST_4959,0.05273942030696862
CUST_4960,0.07167935096908838
CUST_4961,0.10065122541677834
CUST_4962,0.05032448103343451
CUST_4963,0.08798957225215158
CUST_4964,0.06601525054234149
CUST_4965,0.06696996472518844
CUST_4966,0.10703014272308851
CUST_4967,0.10627805920173276
CUST_4968,0.07443119822950253
CUST_4969,0.060231391273017514
CUST_4970,0.05609679318064007
CUST_4971,0.08493971138727996
CUST_4972,0.05605625747343134
CUST_4973,0.06302829946970896
CUST_4974,0.05579100149776272
CUST_4975,0.06982965519905304
CUST_4976,0.06046231954689713
CUST_4977,0.05831201960037482
CUST_4978,0.07142717111058684
CUST_4979,0.07621667913962778
CUST_4980,0.05503924049910789
CUST_4981,0.08593679741085049
CUST_4982,0.09185828457057528
CUST_4983,0.06055862384625401
CUST_4984,0.07362535509783118
CUST_4985,0.10151865584103077
CUST_4986,0.06418206012258472
CUST_4987,0.07744656418045896
CUST_4988,0.05185549036657288
CUST_4989,0.0688224328963667
CUST_4990,0.05746587727664774
CUST_4991,0.0619835182596259
CUST_4992,0.07373423875946877
CUST_4993,0.043756399321900126
CUST_4994,0.054358584104837314
CUST_4995,0.037508670415885174
CUST_4996,0.05747310485198958
CUST_4997,0.0742424893966979
CUST_4998,0.052316850766714156
CUST_4999,0.06220981470237109
CUST_5000,0.06402424257433459
CUST_5001,0.04793175751316698
CUST_5002,0.08213203457537605
CUST_5003,0.06601308293161269
CUST_5004,0.08279954081186947
CUST_5005,0.06702270286048488
CUST_5006,0.061040002201061726
CUST_5007,0.1015457456679993
CUST_5008,0.05967789441466529
CUST_5009,0.0656203742269118
CUST_5010,0.08835987948087903
CUST_5011,0.07852536594119171
CUST_5012,0.0743045161027427
CUST_5013,0.05180401720449191
CUST_5014,0.07451372802019725
CUST_5015,0.08974716363701286
CUST_5016,0.09542595768956279
CUST_5017,0.11060773800025113
CUST_5018,0.06736605191194958
CUST_5019,0.06235206889288614
CUST_5020,0.05386417044542988
CUST_5021,0.05525696769882841
CUST_5022,0.07184604073219009
CUST_5023,0.11367801185554183
CUST_5024,0.15584901775125073
CUST_5025,0.11054339267856976
CUST_5026,0.08627394341899752
CUST_5027,0.07667302614119069
CUST_5028,0.05546086600269754
CUST_5029,0.06341167730221427
CUST_5030,0.05012648174103735
CUST_5031,0.058438415641214166
CUST_5032,0.06660218962203823
CUST_5033,0.07445323775600306
CUST_5034,0.0636472737151799
CUST_5035,0.055601575735221176
CUST_5036,0.08828929625750188
CUST_5037,0.045263753766585424
CUST_5038,0.10223702798422761
CUST_5039,0.04748820894418638
CUST_5040,0.09891500922839204
CUST_5041,0.05887975812905868
CUST_5042,0.06894416246922795
CUST_5043,0.1041992911992518
CUST_5044,0.08473192470089712
CUST_5045,0.065435483169537
CUST_5046,0.06673901886709012
CUST_5047,0.07917116057133157
CUST_5048,0.0761497550194487
CUST_5049,0.07347041598861224
CUST_5050,0.04967604296072281
CUST_5051,0.05212002666204846
CUST_5052,0.06205372461018358
CUST_5053,0.057165380553011985
CUST_5054,0.05874126500022853
CUST_5055,0.07120339688123134
CUST_5056,0.05543508774880362
CUST_5057,0.047531845776880695
CUST_5058,0.052231984866406934
CUST_5059,0.056962514372491856
CUST_5060,0.08110185350209291
CUST_5061,0.07119617855629767
CUST_5062,0.0498893026899232
CUST_5063,0.06511166877004394
CUST_5064,0.09158714678729607
CUST_5065,0.06953251902746312
CUST_5066,0.08608517975917775
CUST_5067,0.056129626205769556
CUST_5068,0.05375690609014706
CUST_5069,0.08047142650717033
CUST_5070,0.034346050907787286
CUST_5071,0.06363432185270991
CUST_5072,0.0475019908822219
CUST_5073,0.0838126950439992
CUST_5074,0.058158244039885
CUST_5075,0.05299946706509941
CUST_5076,0.05876838902301096
CUST_5077,0.09410277596927515
CUST_5078,0.051407383693736534
CUST_5079,0.05761310048254897
CUST_5080,0.06266271144412863
CUST_5081,0.05030777125748914
CUST_5082,0.05690141249508802
CUST_5083,0.052279866615796255
CUST_5084,0.1338310072403153
CUST_5085,0.06104085230036163
CUST_5086,0.08828037491089302
CUST_5087,0.05723093861999736
CUST_5088,0.08202655234309719
CUST_5089,0.13824635084870698
CUST_5090,0.055375738438224166
CUST_5091,0.07091089140824768
CUST_5092,0.045809351004174874
CUST_5093,0.07243996983620273
CUST_5094,0.11100835196662294
CUST_5095,0.13230137558076338
CUST_5096,0.05977021173016866
CUST_5097,0.11541653394777275
CUST_5098,0.06769410705665341
CUST_5099,0.06044503666036514
CUST_5100,0.07199027760886685
CUST_5101,0.062358124670769614
CUST_5102,0.06458351401231097
CUST_5103,0.055933449210308066
CUST_5104,0.07435612578081592
CUST_5105,0.10974462827900071
CUST_5106,0.05807344029597461
CUST_5107,0.06481516150779859
CUST_5108,0.0607542571821546
CUST_5109,0.0845290019117111
CUST_5110,0.06968695709614602
CUST_5111,0.055329043977470876
CUST_5112,0.060852880793843635
CUST_5113,0.07145577313426262
CUST_5114,0.055761992576450946
CUST_5115,0.06948394456872543
CUST_5116,0.11544908654431359
CUST_5117,0.07412321900273357
CUST_5118,0.06770911287475655
CUST_5119,0.08334965437564211
CUST_5120,0.06677257569108498
CUST_5121,0.05065139312501795
CUST_5122,0.0383713343864019
CUST_5123,0.07039652271528123
CUST_5124,0.04714267599872851
CUST_5125,0.09923087245316793
CUST_5126,0.03999747071888586
CUST_5127,0.08753170113395903
CUST_5128,0.08789868492639834
CUST_5129,0.1059206967214885
CUST_5130,0.049134361596448295
CUST_5131,0.05346434365808888
CUST_5132,0.04860264281483742
CUST_5133,0.06012240617387594
CUST_5134,0.1117757479606853
CUST_5135,0.041463542382288276
CUST_5136,0.04984345968830969
CUST_5137,0.06058018796040731
CUST_5138,0.11068171252886684
CUST_5139,0.08394184441030367
CUST_5140,0.057532786762063186
CUST_5141,0.0683268570257654
CUST_5142,0.057291410518976675
CUST_5143,0.05164462177627713
CUST_5144,0.08747986985020582
CUST_5145,0.06419602025798385
CUST_5146,0.11238686301976535
CUST_5147,0.06527399648078362
CUST_5148,0.03725310521721965
CUST_5149,0.09076810988642393
CUST_5150,0.07872290497718616
CUST_5151,0.11189918363299121
CUST_5152,0.15299062988523668
CUST_5153,0.054294345496429246
CUST_5154,0.05218431533718185
CUST_5155,0.05368435974713067
CUST_5156,0.07309692833924882
CUST_5157,0.05810293011425089
CUST_5158,0.051476795681498815
CUST_5159,0.07445128825423057
CUST_5160,0.055832606402348724
CUST_5161,0.09137596995818507
CUST_5162,0.06723827136591952
CUST_5163,0.052874860195642415
CUST_5164,0.0674224526372814
CUST_5165,0.050224964701418046
CUST_5166,0.15389954945849296
CUST_5167,0.056400087185353165
CUST_5168,0.08963208581925597
CUST_5169,0.06835413713317817
CUST_5170,0.059381034596778216
CUST_5171,0.05005790777493677
CUST_5172,0.06651246049794095
CUST_5173,0.0637739924997041
CUST_5174,0.07244864689272099
CUST_5175,0.04137581432031478
CUST_5176,0.039571756776996515
CUST_5177,0.05100903697649006
CUST_5178,0.05724732434849102
CUST_5179,0.05042562582414778
CUST_5180,0.07946666436960424
CUST_5181,0.035682684679755265
CUST_5182,0.04089391273308215
CUST_5183,0.06348229274998367
CUST_5184,0.060517026747074126
CUST_5185,0.07787475422305835
CUST_5186,0.05180176775929709
CUST_5187,0.05389172370344911
CUST_5188,0.038595678638279236
CUST_5189,0.07546512195791766
CUST_5190,0.0636971669590821
CUST_5191,0.04845632277181844
CUST_5192,0.06325414690310054
CUST_5193,0.055525858225163295
CUST_5194,0.05961172903106258
CUST_5195,0.06988692747087828
CUST_5196,0.1019313785925215
CUST_5197,0.09033918039398618
CUST_5198,0.0627277543420589
CUST_5199,0.035154077772510305
CUST_5200,0.06408057503082641
CUST_5201,0.06616887188118413
CUST_5202,0.05683247391568915
CUST_5203,0.06689246986595809
CUST_5204,0.05740181878412535
CUST_5205,0.054868855238074
CUST_5206,0.06659562438078388
CUST_5207,0.06020475675672949
CUST_5208,0.08367043272418116
CUST_5209,0.07891928824020827
CUST_5210,0.06502351625185794
CUST_5211,0.06852590429181364
CUST_5212,0.06105938915809569
CUST_5213,0.07859826895444541
CUST_5214,0.08014082922436484
CUST_5215,0.04433227025372017
CUST_5216,0.06144999850796278
CUST_5217,0.060259655673086554
CUST_5218,0.06116823098612579
CUST_5219,0.056763918823496406
CUST_5220,0.08010423283821229
CUST_5221,0.06823141480797816
CUST_5222,0.057740814909960504
CUST_5223,0.05992463110121481
CUST_5224,0.053490114221883954
CUST_5225,0.07492382961650203
CUST_5226,0.07140907709738052
CUST_5227,0.060498203709970916
CUST_5228,0.08081662554121997
CUST_5229,0.08933850747519971
CUST_5230,0.05330805718657524
CUST_5231,0.08162957473487277
CUST_5232,0.06283865035864487
CUST_5233,0.05237952380165572
CUST_5234,0.07251973136028372
CUST_5235,0.062448160507143025
CUST_5236,0.06434807069783892
CUST_5237,0.049682061748577096
CUST_5238,0.07461052894027155
CUST_5239,0.05782833539271429
CUST_5240,0.058873920181575494
CUST_5241,0.11207886450479053
CUST_5242,0.043677116076443735
CUST_5243,0.07057645197244826
CUST_5244,0.11546647377625181
CUST_5245,0.06199880266273695
CUST_5246,0.06647156641405731
CUST_5247,0.06329558460650293
CUST_5248,0.060049250381678014
CUST_5249,0.057481251467019295
CUST_5250,0.08912574893713265
CUST_5251,0.06242137071892002
CUST_5252,0.13477329781978103
CUST_5253,0.1135766908117769
CUST_5254,0.05950193103987552
CUST_5255,0.058393888187196236
CUST_5256,0.09565288653534847
CUST_5257,0.04441307331580352
CUST_5258,0.0534258338880629
CUST_5259,0.06231641511462619
CUST_5260,0.10733098819995945
CUST_5261,0.039741303951795794
CUST_5262,0.047322071288657806
CUST_5263,0.07516703677949571
CUST_5264,0.04391030970493919
CUST_5265,0.10011677541271642
CUST_5266,0.0346655747031274
CUST_5267,0.053137751987789306
CUST_5268,0.04696420942249919
CUST_5269,0.0556244665302321
CUST_5270,0.0871561190687371
CUST_5271,0.051638109088030675
CUST_5272,0.06043417516865516
CUST_5273,0.10079948574581406
CUST_5274,0.09118891997844598
CUST_5275,0.05637610569828924
CUST_5276,0.07585616817383505
CUST_5277,0.21695650965027338
CUST_5278,0.08362116015801759
CUST_5279,0.03895537827001425
CUST_5280,0.05894431555670774
CUST_5281,0.08135670243116015
CUST_5282,0.0711918652704813
CUST_5283,0.05098571544747519
CUST_5284,0.061140534743589346
CUST_5285,0.12350308327514066
CUST_5286,0.06273049505136354
CUST_5287,0.048413824600875864
CUST_5288,0.06832036935481352
CUST_5289,0.04722035615248083
CUST_5290,0.05048711945414792
CUST_5291,0.07161368648108725
CUST_5292,0.0618454698769453
CUST_5293,0.07126847068941079
CUST_5294,0.1660535458319647
CUST_5295,0.061783752496360166
CUST_5296,0.10818627814013387
CUST_5297,0.058727758140278204
CUST_5298,0.06473444325214328
CUST_5299,0.07234575519438742
CUST_5300,0.149708490430017
CUST_5301,0.05841486133881214
CUST_5302,0.06574449288503094
CUST_5303,0.06025432822132029
CUST_5304,0.08058475343090833
CUST_5305,0.14572366689405622
CUST_5306,0.0559565247217585
CUST_5307,0.052276409620957996
CUST_5308,0.05400050213385874
CUST_5309,0.06045324199954952
CUST_5310,0.17492241275890297
CUST_5311,0.08125996516443477
CUST_5312,0.052864740659678534
CUST_5313,0.07516292084568686
CUST_5314,0.07753688179405475
CUST_5315,0.04752739417899232
CUST_5316,0.06608528520923711
CUST_5317,0.09408619011167407
CUST_5318,0.04630874705438608
CUST_5319,0.04653025050443593
CUST_5320,0.1010872804923225
CUST_5321,0.07289677985663429
CUST_5322,0.05721606644615812
CUST_5323,0.056386483535872174
CUST_5324,0.0662287802349959
CUST_5325,0.10540305407252167
CUST_5326,0.0576549884140821
CUST_5327,0.06331502324301864
CUST_5328,0.054304890313400585
CUST_5329,0.062296744129226846
CUST_5330,0.07421599045729887
CUST_5331,0.03573179433527561
CUST_5332,0.07721442597550578
CUST_5333,0.057067155513430605
CUST_5334,0.05472803268455043
CUST_5335,0.05599803498933794
CUST_5336,0.06271478467260745
CUST_5337,0.05967422611621135
CUST_5338,0.07401950142538351
CUST_5339,0.08044517966166233
CUST_5340,0.11416033866870756
CUST_5341,0.05581106559491065
CUST_5342,0.03878783164780302
CUST_5343,0.058258350340311654
CUST_5344,0.07237510343269321
CUST_5345,0.06361079414362168
CUST_5346,0.07710024799858305
CUST_5347,0.04992344209122911
CUST_5348,0.10095546373120755
CUST_5349,0.09838326725657036
CUST_5350,0.07351160500684521
CUST_5351,0.08974137965725017
CUST_5352,0.06315964327007263
CUST_5353,0.06963806463891546
CUST_5354,0.05241504345022063
CUST_5355,0.06850774807501017
CUST_5356,0.05920311232141225
CUST_5357,0.07477984429247732
CUST_5358,0.07119047281671073
CUST_5359,0.04204379589152635
CUST_5360,0.05997195547254298
CUST_5361,0.12639327551764382
CUST_5362,0.05412117738746582
CUST_5363,0.05166686842253717
CUST_5364,0.11477638667619848
CUST_5365,0.053799293358771066
CUST_5366,0.05347808498166257
CUST_5367,0.054839024303791395
CUST_5368,0.055340233658099446
CUST_5369,0.08922208340023013
CUST_5370,0.03451996018012117
CUST_5371,0.056804807325251894
CUST_5372,0.1038322227361672
CUST_5373,0.06210736846262325
CUST_5374,0.03961143259784916
CUST_5375,0.0651342323676909
CUST_5376,0.05977866437502072
CUST_5377,0.13631031478317543
CUST_5378,0.06998865840410194
CUST_5379,0.05719598816813959
CUST_5380,0.10052595739662411
CUST_5381,0.05249738458229008
CUST_5382,0.04904253656131916
CUST_5383,0.08086736482806885
CUST_5384,0.048770461061451394
CUST_5385,0.0535869711082487
CUST_5386,0.03674627398238126
CUST_5387,0.05897747905316961
CUST_5388,0.1517494064132938
CUST_5389,0.07582188897093886
CUST_5390,0.06974499708405836
CUST_5391,0.05026242706444056
CUST_5392,0.05672137540845668
CUST_5393,0.07136824225308273
CUST_5394,0.05228796857734236
CUST_5395,0.07399453272185208
CUST_5396,0.11560084197548197
CUST_5397,0.06939528561635415
CUST_5398,0.09639468928975121
CUST_5399,0.07089252401371395
CUST_5400,0.053087507029638194
CUST_5401,0.0945500829082057
CUST_5402,0.07414267484335013
CUST_5403,0.08961909869245775
CUST_5404,0.0861310333763135
CUST_5405,0.029977478412776388
CUST_5406,0.053493244849913114
CUST_5407,0.10401456962725399
CUST_5408,0.0964967835858202
CUST_5409,0.15185434964108768
CUST_5410,0.09676313748141802
CUST_5411,0.06957309617288612
CUST_5412,0.055174978462419255
CUST_5413,0.05161465976857318
CUST_5414,0.0555097344831705
CUST_5415,0.046836988831930215
CUST_5416,0.11898497058889801
CUST_5417,0.0496550489709744
CUST_5418,0.10796591295541491
CUST_5419,0.07005112357819969
CUST_5420,0.08814189009898649
CUST_5421,0.06792076952177299
CUST_5422,0.04617776674790125
CUST_5423,0.06553875018548594
CUST_5424,0.05374741728686483
CUST_5425,0.03907224163183543
CUST_5426,0.05220385029032576
CUST_5427,0.06224166654065446
CUST_5428,0.07338635134256018
CUST_5429,0.08127209654152757
CUST_5430,0.053912394637401516
CUST_5431,0.0956643514682783
CUST_5432,0.07870371839548389
CUST_5433,0.09229803535879687
CUST_5434,0.10120539675468136
CUST_5435,0.0679346856035122
CUST_5436,0.05940085435368242
CUST_5437,0.11970215137658369
CUST_5438,0.045441300473520685
CUST_5439,0.03548312773463136
CUST_5440,0.09321576945682887
CUST_5441,0.0901663055720946
CUST_5442,0.0682842860857458
CUST_5443,0.04267759380453773
CUST_5444,0.04172569417253382
CUST_5445,0.10695751553809717
CUST_5446,0.0771974049227498
CUST_5447,0.041607080279181884
CUST_5448,0.11365203445381002
CUST_5449,0.04570649811821037
CUST_5450,0.06905361655515074
CUST_5451,0.04285582564578618
CUST_5452,0.06697559189162132
CUST_5453,0.06725724755848894
CUST_5454,0.05203251270243422
CUST_5455,0.0782688879724087
CUST_5456,0.08980442761647245
CUST_5457,0.05352269747221341
CUST_5458,0.06062527513970114
CUST_5459,0.08383337454081563
CUST_5460,0.08168763262824619
CUST_5461,0.16791003027663573
CUST_5462,0.14197132203648682
CUST_5463,0.08262813724081942
CUST_5464,0.08615167620567121
CUST_5465,0.07998422173124191
CUST_5466,0.08711131800797221
CUST_5467,0.05853943912160739
CUST_5468,0.08777164639137079
CUST_5469,0.04957682657267195
CUST_5470,0.11668130923343006
CUST_5471,0.06481585047117168
CUST_5472,0.04854145096041688
CUST_5473,0.05788653081734426
CUST_5474,0.06541191720947494
CUST_5475,0.07836971938830238
CUST_5476,0.06668447349623094
CUST_5477,0.07325208510514344
CUST_5478,0.06282538921569629
CUST_5479,0.05382248705880565
CUST_5480,0.10810787285360161
CUST_5481,0.06139257370836417
CUST_5482,0.04909916979350367
CUST_5483,0.19134592619775007
CUST_5484,0.07163075238984788
CUST_5485,0.038097560872215795
CUST_5486,0.0665301762547978
CUST_5487,0.09243390294689889
CUST_5488,0.09021097500683249
CUST_5489,0.07182686800222894
CUST_5490,0.12266197877236905
CUST_5491,0.10658516484917756
CUST_5492,0.0697275378850696
CUST_5493,0.04769933740076085
CUST_5494,0.06187080716508337
CUST_5495,0.057837569740747025
CUST_5496,0.10107515806244168
CUST_5497,0.07368414204697099
CUST_5498,0.06628198263561491
CUST_5499,0.04753293192843689
CUST_5500,0.05976227264655245
CUST_5501,0.1213005908000725
CUST_5502,0.05732692626315267
CUST_5503,0.1708243590439775
CUST_5504,0.04159510352304917
CUST_5505,0.060578012991041576
CUST_5506,0.04987415258329978
CUST_5507,0.05701244465288072
CUST_5508,0.05028478932287095
CUST_5509,0.08900365416514971
CUST_5510,0.06056710645226269
CUST_5511,0.07189663017091198
CUST_5512,0.05957000744610017
CUST_5513,0.05079677624846998
CUST_5514,0.08860482890944192
CUST_5515,0.05859110959921998
CUST_5516,0.0712153487225969
CUST_5517,0.06528292526173718
CUST_5518,0.05583946803763933
CUST_5519,0.05690333587736266
CUST_5520,0.061910152392465854
CUST_5521,0.1545946378507694
CUST_5522,0.06724183774653543
CUST_5523,0.061165129716428124
CUST_5524,0.058300632894002495
CUST_5525,0.05140635341007562
CUST_5526,0.08166131648970233
CUST_5527,0.07359261485759316
CUST_5528,0.03972221042822019
CUST_5529,0.05713604570206487
CUST_5530,0.0963860713261754
CUST_5531,0.07275643939326731
CUST_5532,0.08352757418346128
CUST_5533,0.056480128712361355
CUST_5534,0.09370742882837062
CUST_5535,0.06346277377266621
CUST_5536,0.05686124969643799
CUST_5537,0.10730793675782925
CUST_5538,0.07660029965384194
CUST_5539,0.06256510559902005
CUST_5540,0.08447071245753501
CUST_5541,0.07289470278176072
CUST_5542,0.08016955244555894
CUST_5543,0.08355472922397378
CUST_5544,0.07340419550822341
CUST_5545,0.056794217780277066
CUST_5546,0.05833851672945891
CUST_5547,0.07742506905720582
CUST_5548,0.06040130782829561
CUST_5549,0.07155200733559915
CUST_5550,0.06108055785629992
CUST_5551,0.05765936107657705
CUST_5552,0.08384668507290882
CUST_5553,0.06248131701069929
CUST_5554,0.054515119477135394
CUST_5555,0.0727909364307824
CUST_5556,0.08017285318185484
CUST_5557,0.06815634707578845
CUST_5558,0.06141955549710117
CUST_5559,0.11777599386799453
CUST_5560,0.04313735897261047
CUST_5561,0.07199652187437833
CUST_5562,0.05288988696579348
CUST_5563,0.05972213562605996
CUST_5564,0.052886511676168695
CUST_5565,0.06080977293006303
CUST_5566,0.06382543135689552
CUST_5567,0.04471567281537508
CUST_5568,0.061504788728948045
CUST_5569,0.04342161093307597
CUST_5570,0.05316103061101573
CUST_5571,0.06705566579635114
CUST_5572,0.048181872947102945
CUST_5573,0.0563894341020768
CUST_5574,0.08140716684614659
CUST_5575,0.05040538493144275
CUST_5576,0.09002264259014314
CUST_5577,0.06271573947446779
CUST_5578,0.06254333246265995
CUST_5579,0.06651625766590989
CUST_5580,0.05751097129159775
CUST_5581,0.049121349461952624
CUST_5582,0.05339244126734144
CUST_5583,0.07531365054468445
CUST_5584,0.06088614053186323
CUST_5585,0.06430627379829916
CUST_5586,0.06508147431236876
CUST_5587,0.05476623291312347
CUST_5588,0.043300287800578846
CUST_5589,0.08384908145075187
CUST_5590,0.07547281421711736
CUST_5591,0.08911783898575192
CUST_5592,0.05080164685663784
CUST_5593,0.0607846197669678
CUST_5594,0.06014530759001536
CUST_5595,0.08671405415075166
CUST_5596,0.058914433205434914
CUST_5597,0.033719031389540195
CUST_5598,0.0594686259082256
CUST_5599,0.0641060686254678
CUST_5600,0.05375025626073674
CUST_5601,0.06064000515182725
CUST_5602,0.0688922254952579
CUST_5603,0.10705722460950673
CUST_5604,0.08625984225171511
CUST_5605,0.08727681647170372
CUST_5606,0.08820404782832453
CUST_5607,0.07636117995718744
CUST_5608,0.09104765353907444
CUST_5609,0.07599282063776448
CUST_5610,0.06726085145555867
CUST_5611,0.058179247198606836
CUST_5612,0.1543836956034975
CUST_5613,0.06668425144520179
CUST_5614,0.06512950124436746
CUST_5615,0.050670633524356495
CUST_5616,0.11715358237607558
CUST_5617,0.061346946931307926
CUST_5618,0.08622071603031689
CUST_5619,0.07605819525373443
CUST_5620,0.041432687331561545
CUST_5621,0.04519426108388757
CUST_5622,0.05340122337926811
CUST_5623,0.08134037906752244
CUST_5624,0.14195285762185375
CUST_5625,0.1347813978094306
CUST_5626,0.07372632750582674
CUST_5627,0.09928048173950293
CUST_5628,0.061764429793898894
CUST_5629,0.07379471622580228
CUST_5630,0.10989779672834195
CUST_5631,0.0754951974120722
CUST_5632,0.06968024443678456
CUST_5633,0.06324641009414261
CUST_5634,0.07659979278502309
CUST_5635,0.06571361779700578
CUST_5636,0.07460478305750667
CUST_5637,0.06342408688900007
CUST_5638,0.06552033463706686
CUST_5639,0.05296913489397631
CUST_5640,0.06515926479104235
CUST_5641,0.05390274992765875
CUST_5642,0.07473347952516397
CUST_5643,0.06287413414225478
CUST_5644,0.09551150922947403
CUST_5645,0.06351282995137227
CUST_5646,0.060007518033076725
CUST_5647,0.08329632830522539
CUST_5648,0.06077473586262724
CUST_5649,0.12402400213888272
CUST_5650,0.06509903591483829
CUST_5651,0.046134012170734845
CUST_5652,0.07369638099162053
CUST_5653,0.06323747498475442
CUST_5654,0.06830124074818766
CUST_5655,0.04801365461925877
CUST_5656,0.05756196078533058
CUST_5657,0.05054008292427489
CUST_5658,0.1571716299200648
CUST_5659,0.07019006561493109
CUST_5660,0.09285201071881
CUST_5661,0.06725732078271034
CUST_5662,0.13414366049569235
CUST_5663,0.06636200180293343
CUST_5664,0.09779876934494303
CUST_5665,0.03594140309656065
CUST_5666,0.11192224476177663
CUST_5667,0.08965324397540013
CUST_5668,0.050873393744728435
CUST_5669,0.050447777052965735
CUST_5670,0.07675862292127636
CUST_5671,0.09853639209148678
CUST_5672,0.05460737827691701
CUST_5673,0.08000612255063179
CUST_5674,0.04048788357424017
CUST_5675,0.06744218009685891
CUST_5676,0.07760324798084009
CUST_5677,0.06027118118221534
CUST_5678,0.0948815534969094
CUST_5679,0.07220258342062284
CUST_5680,0.09177325487151784
CUST_5681,0.0994933263517338
CUST_5682,0.08436193199855731
CUST_5683,0.12376895642432405
CUST_5684,0.07820692367897648
CUST_5685,0.07124414189919642
CUST_5686,0.06916629434784279
CUST_5687,0.06564118292263212
CUST_5688,0.054735031867051705
CUST_5689,0.06435394424235606
CUST_5690,0.04565778461724371
CUST_5691,0.05700954595014579
CUST_5692,0.07335260837705226
CUST_5693,0.04356645381102849
CUST_5694,0.038738544674149396
CUST_5695,0.055291373772200635
CUST_5696,0.10125792286969693
CUST_5697,0.04440067692190162
CUST_5698,0.09604241652986223
CUST_5699,0.08752792720004654
CUST_5700,0.057117045979708764
CUST_5701,0.07767364998426368
CUST_5702,0.06019432520512511
CUST_5703,0.07106780475880069
CUST_5704,0.10134142034396564
CUST_5705,0.07219556213360488
CUST_5706,0.07510732889171728
CUST_5707,0.06950003931952335
CUST_5708,0.09760109602267218
CUST_5709,0.06381086847109915
CUST_5710,0.06479697078606493
CUST_5711,0.06082112669653985
CUST_5712,0.056760232199233936
CUST_5713,0.07077389862962903
CUST_5714,0.15473864122588607
CUST_5715,0.09806631094865843
CUST_5716,0.07359290790170371
CUST_5717,0.06134618364187869
CUST_5718,0.0769521494413211
CUST_5719,0.162292703641972
CUST_5720,0.08964434705088037
CUST_5721,0.06455286289087939
CUST_5722,0.064619878049302
CUST_5723,0.10185071139832093
CUST_5724,0.08219501127409998
CUST_5725,0.13171610026605798
CUST_5726,0.08078224239658606
CUST_5727,0.07403556310188192
CUST_5728,0.10612794077581289
CUST_5729,0.11769122848100132
CUST_5730,0.07465534716317829
CUST_5731,0.05938648340604319
CUST_5732,0.07622610814314329
CUST_5733,0.06661261742931018
CUST_5734,0.07320212431307148
CUST_5735,0.05499525301607865
CUST_5736,0.0779083901634999
CUST_5737,0.08779814707219664
CUST_5738,0.0884101705261004
CUST_5739,0.06917480190868408
CUST_5740,0.0670746035147017
CUST_5741,0.09111347281638156
CUST_5742,0.06837558448542737
CUST_5743,0.06543716976623422
CUST_5744,0.05296218070611596
CUST_5745,0.05774768226233428
CUST_5746,0.06915565697371934
CUST_5747,0.041031914273757276
CUST_5748,0.05592490804965484
CUST_5749,0.07076340608307578
CUST_5750,0.06653070221568562
CUST_5751,0.2400558016003698
CUST_5752,0.05415617828163629
CUST_5753,0.11596822174803417
CUST_5754,0.09661150893479149
CUST_5755,0.08250063050968122
CUST_5756,0.08635000179392238
CUST_5757,0.12050284500927815
CUST_5758,0.07816966501994364
CUST_5759,0.07174503307058551
CUST_5760,0.08656955349133706
CUST_5761,0.04638817001058324
CUST_5762,0.08950086021058046
CUST_5763,0.05396164093510306
CUST_5764,0.06896636107119451
CUST_5765,0.0691042794284528
CUST_5766,0.06677800853203085
CUST_5767,0.055196270095061666
CUST_5768,0.06337560048261295
CUST_5769,0.08173064465493678
CUST_5770,0.0567175006986598
CUST_5771,0.09432806546030477
CUST_5772,0.0653377712307833
CUST_5773,0.06766486252442958
CUST_5774,0.0729244222339364
CUST_5775,0.0712357546885668
CUST_5776,0.07259040861783493
CUST_5777,0.08086212128328092
CUST_5778,0.049321052757710475
CUST_5779,0.11497404462524968
CUST_5780,0.049528680338014164
CUST_5781,0.06600659885035066
CUST_5782,0.07093738508853208
CUST_5783,0.060159051556316546
CUST_5784,0.09757115538274704
CUST_5785,0.05912352795298437
CUST_5786,0.048410427550918435
CUST_5787,0.07938284252850972
CUST_5788,0.05795137205676653
CUST_5789,0.08256920371882247
CUST_5790,0.0388625181483359
CUST_5791,0.052962750947359534
CUST_5792,0.07141586784868886
CUST_5793,0.06628799011826027
CUST_5794,0.04154072964959804
CUST_5795,0.060954152744411134
CUST_5796,0.06142587473639329
CUST_5797,0.050120196098855326
CUST_5798,0.11169696747374348
CUST_5799,0.0792106803443638
CUST_5800,0.06460203114736993
CUST_5801,0.04943054613344835
CUST_5802,0.04700953475771926
CUST_5803,0.06140019076547638
CUST_5804,0.03516007833311168
CUST_5805,0.08175690836625644
CUST_5806,0.07629744414195594
CUST_5807,0.06661208609232334
CUST_5808,0.07567102190411562
CUST_5809,0.06056424170824989
CUST_5810,0.040795529716314734
CUST_5811,0.08406365751251328
CUST_5812,0.09251664585391146
CUST_5813,0.03244981458926072
CUST_5814,0.06920636098528418
CUST_5815,0.05939493547544746
CUST_5816,0.10602042353463274
CUST_5817,0.06823773123763183
CUST_5818,0.06471178685924193
CUST_5819,0.07113387545536039
CUST_5820,0.0566104919032003
CUST_5821,0.05246323467383986
CUST_5822,0.09475872152077598
CUST_5823,0.07588363879019376
CUST_5824,0.04580183617110967
CUST_5825,0.053570641539289206
CUST_5826,0.04673850727108403
CUST_5827,0.03975262398753173
CUST_5828,0.05533688334552591
CUST_5829,0.1265148275638554
CUST_5830,0.11302942799889341
CUST_5831,0.053033172309965404
CUST_5832,0.07139660017351011
CUST_5833,0.06163888732848825
CUST_5834,0.062184957814376975
CUST_5835,0.07913697382413191
CUST_5836,0.06023717524375479
CUST_5837,0.06445778004680282
CUST_5838,0.08180716731397625
CUST_5839,0.12471762634958981
CUST_5840,0.0927064133830442
CUST_5841,0.07875936371429736
CUST_5842,0.06731126772762279
CUST_5843,0.0866507351196562
CUST_5844,0.0981641935635898
CUST_5845,0.12141817977253155
CUST_5846,0.06043588296812047
CUST_5847,0.07649258816536737
CUST_5848,0.06335331775532697
CUST_5849,0.10002800507322313
CUST_5850,0.06731863649724788
CUST_5851,0.04136901712053385
CUST_5852,0.0693475557641395
CUST_5853,0.0822564198356573
CUST_5854,0.06074828187118414
CUST_5855,0.05712825669210489
CUST_5856,0.06286651842235123
CUST_5857,0.04512692062996635
CUST_5858,0.08139025489939339
CUST_5859,0.055466966157528184
CUST_5860,0.07505942843338394
CUST_5861,0.07261500731287222
CUST_5862,0.05308508251048122
CUST_5863,0.14388394020800752
CUST_5864,0.04646371600483066
CUST_5865,0.05820028907816415
CUST_5866,0.061611536829535206
CUST_5867,0.08140916804778288
CUST_5868,0.07752397023682348
CUST_5869,0.06224723250019757
CUST_5870,0.04662397118845391
CUST_5871,0.11352648840650532
CUST_5872,0.0449747052576189
CUST_5873,0.06435253208273443
CUST_5874,0.06983246199734854
CUST_5875,0.07001735634966749
CUST_5876,0.04279259626716581
CUST_5877,0.05580175092488634
CUST_5878,0.05242270769643881
CUST_5879,0.06553337322677252
CUST_5880,0.05569870561668013
CUST_5881,0.0421943992930191
CUST_5882,0.0970554846088947
CUST_5883,0.0821863344909613
CUST_5884,0.09003435271656461
CUST_5885,0.07157519988166978
CUST_5886,0.04475151878696922
CUST_5887,0.05110759861626824
CUST_5888,0.08324199650030764
CUST_5889,0.0804351349595978
CUST_5890,0.08121124413323307
CUST_5891,0.0702751307830022
CUST_5892,0.09885250762263804
CUST_5893,0.09276390668586208
CUST_5894,0.18366366262449338
CUST_5895,0.11807932733991051
CUST_5896,0.06527042158028319
CUST_5897,0.07139931623868133
CUST_5898,0.053060338768322536
CUST_5899,0.06168232753456182
CUST_5900,0.051525418435004876
CUST_5901,0.08713960456270324
CUST_5902,0.10229051960149953
CUST_5903,0.09655814616866694
CUST_5904,0.05928142285528804
CUST_5905,0.05449180865149186
CUST_5906,0.08990723409810673
CUST_5907,0.08392361220693921
CUST_5908,0.07399992967868783
CUST_5909,0.06506028803803805
CUST_5910,0.05012236762018838
CUST_5911,0.09604188945067711
CUST_5912,0.08413655868233587
CUST_5913,0.07856061600964405
CUST_5914,0.07415893373039047
CUST_5915,0.10384586030899928
CUST_5916,0.06018521584579328
CUST_5917,0.06521893488723834
CUST_5918,0.06312316220536683
CUST_5919,0.09141622937067233
CUST_5920,0.06466315901256818
CUST_5921,0.11658728818093844
CUST_5922,0.039832928545038275
CUST_5923,0.07319332414506101
CUST_5924,0.11704081287367207
CUST_5925,0.09713745919156529
CUST_5926,0.08483265631064645
CUST_5927,0.0764453317098629
CUST_5928,0.09128217403640933
CUST_5929,0.06175118276642625
CUST_5930,0.059754542030571005
CUST_5931,0.0719971567838079
CUST_5932,0.061837627987576915
CUST_5933,0.04238750345040588
CUST_5934,0.058781232558783786
CUST_5935,0.0665286999689246
CUST_5936,0.058334421216554834
CUST_5937,0.077748307894788
CUST_5938,0.09043923792092494
CUST_5939,0.039949918960676574
CUST_5940,0.05831179814090328
CUST_5941,0.05869033741016611
CUST_5942,0.07215183575982519
CUST_5943,0.09606456545563956
CUST_5944,0.06612396066702864
CUST_5945,0.10193032394563013
CUST_5946,0.05791238151335661
CUST_5947,0.05905153987924161
CUST_5948,0.08714562299226163
CUST_5949,0.07101636971694149
CUST_5950,0.05021671221689227
CUST_5951,0.06954965894888028
CUST_5952,0.06089059521682547
CUST_5953,0.10102014282231064
CUST_5954,0.05724768471270672
CUST_5955,0.041371067303353846
CUST_5956,0.04419669646056452
CUST_5957,0.05504212640492131
CUST_5958,0.09400578182981079
CUST_5959,0.05544151830644902
CUST_5960,0.12986983190901757
CUST_5961,0.08119761243965319
CUST_5962,0.04371029725208044
CUST_5963,0.052998010207126335
CUST_5964,0.04805207164533055
CUST_5965,0.11047493461084597
CUST_5966,0.07679430989235737
CUST_5967,0.08458710081299246
CUST_5968,0.07351756972122413
CUST_5969,0.04827703669327857
CUST_5970,0.06404746960644088
CUST_5971,0.07507230841267612
CUST_5972,0.04289577914162019
CUST_5973,0.08458970440457188
CUST_5974,0.030063154811539625
CUST_5975,0.0619474794930368
CUST_5976,0.0793845677692472
CUST_5977,0.05994190569302436
CUST_5978,0.09538627807150203
CUST_5979,0.09193313774520927
CUST_5980,0.12284054145185867
CUST_5981,0.041412808475126864
CUST_5982,0.08633106447959558
CUST_5983,0.0655744831667547
CUST_5984,0.040810685567996295
CUST_5985,0.10022303884129784
CUST_5986,0.05350053869119554
CUST_5987,0.07465006853080365
CUST_5988,0.084569282358066
CUST_5989,0.04791865834040307
CUST_5990,0.0608523538193779
CUST_5991,0.05132786337446044
CUST_5992,0.03990793211018116
CUST_5993,0.07639584594393252
CUST_5994,0.06361758901710152
CUST_5995,0.04674055455738804
CUST_5996,0.06765299838801749
CUST_5997,0.06454277326686535
CUST_5998,0.07886278392209194
CUST_5999,0.04883056417396747
CUST_6000,0.06958670232594978
CUST_6001,0.04985629573975609
CUST_6002,0.1236293254266837
CUST_6003,0.05718038157890196
CUST_6004,0.0644144378986707
CUST_6005,0.24219751914321397
CUST_6006,0.07934283379795784
CUST_6007,0.06344181417491249
CUST_6008,0.08661190676198882
CUST_6009,0.07820875745123908
CUST_6010,0.060810417038890945
CUST_6011,0.06776647037864943
CUST_6012,0.04885005961783126
CUST_6013,0.062463274963624804
CUST_6014,0.07906794600594141
CUST_6015,0.10073949408231912
CUST_6016,0.07929302978753766
CUST_6017,0.07684736818834169
CUST_6018,0.061373083282961476
CUST_6019,0.06829950844144021
CUST_6020,0.05769481218010337
CUST_6021,0.18418995133041452
CUST_6022,0.12629761675997478
CUST_6023,0.06839377001868928
CUST_6024,0.12231592855801975
CUST_6025,0.05844635488527106
CUST_6026,0.08460106225671386
CUST_6027,0.11120429468953785
CUST_6028,0.08232481052088261
CUST_6029,0.03999774402537217
CUST_6030,0.05262314360930797
CUST_6031,0.05175184314194919
CUST_6032,0.06879047844279607
CUST_6033,0.03893702454994151
CUST_6034,0.07588985064552992
CUST_6035,0.06397165547415616
CUST_6036,0.04005756698375377
CUST_6037,0.06064102600470187
CUST_6038,0.10256467038190557
CUST_6039,0.07192542448956508
CUST_6040,0.061286428548413485
CUST_6041,0.07049300398285124
CUST_6042,0.06595606873690489
CUST_6043,0.07013423884318441
CUST_6044,0.06588126716956964
CUST_6045,0.05877869426453055
CUST_6046,0.07764683338951199
CUST_6047,0.053251268341237286
CUST_6048,0.10679986947307031
CUST_6049,0.09634901704144244
CUST_6050,0.09973546035555021
CUST_6051,0.10239261604606376
CUST_6052,0.06265599475048168
CUST_6053,0.058097579780277096
CUST_6054,0.06729550535053434
CUST_6055,0.1074499607408816
CUST_6056,0.048770534750541945
CUST_6057,0.0581144183673945
CUST_6058,0.0981534675273968
CUST_6059,0.061108610361905624
CUST_6060,0.06187364244662686
CUST_6061,0.059623731224859255
CUST_6062,0.10247968951092219
CUST_6063,0.06504504004988537
CUST_6064,0.057254326282200334
CUST_6065,0.06091262472482576
CUST_6066,0.05119961302797623
CUST_6067,0.05849162084856916
CUST_6068,0.04891928970448741
CUST_6069,0.06979858792261089
CUST_6070,0.06650918968608259
CUST_6071,0.07884225008176617
CUST_6072,0.05800436583846357
CUST_6073,0.0657806194299394
CUST_6074,0.07183188243364524
CUST_6075,0.06843072811159502
CUST_6076,0.04870950061392995
CUST_6077,0.047123229067212336
CUST_6078,0.05340128198876528
CUST_6079,0.0714402103708333
CUST_6080,0.050206349725019306
CUST_6081,0.050825866576117144
CUST_6082,0.051242208820147704
CUST_6083,0.08769927590815212
CUST_6084,0.048316165949926215
CUST_6085,0.06032310585179199
CUST_6086,0.11397146795193623
CUST_6087,0.08440948857610085
CUST_6088,0.09683029924312643
CUST_6089,0.06554923805768474
CUST_6090,0.05214433014176125
CUST_6091,0.05816534786103717
CUST_6092,0.05424269413130902
CUST_6093,0.06484255367425658
CUST_6094,0.06503446496607025
CUST_6095,0.06181704835315576
CUST_6096,0.06223708614202376
CUST_6097,0.050501986652688464
CUST_6098,0.06168815211240622
CUST_6099,0.044264883219062
CUST_6100,0.05535586646220525
CUST_6101,0.05287690916925572
CUST_6102,0.07432565711344202
CUST_6103,0.04684255091094386
CUST_6104,0.07616928881673739
CUST_6105,0.0676666483224415
CUST_6106,0.05887954911332451
CUST_6107,0.06226603397136395
CUST_6108,0.06050867538175103
CUST_6109,0.05476348778813597
CUST_6110,0.07118481128767924
CUST_6111,0.1395174327445224
CUST_6112,0.06175931437471068
CUST_6113,0.060575493823696085
CUST_6114,0.07269990316332775
CUST_6115,0.04431764040169317
CUST_6116,0.07449495228592391
CUST_6117,0.04620108707640876
CUST_6118,0.04676146939884154
CUST_6119,0.06901242711932724
CUST_6120,0.06726881568619958
CUST_6121,0.1455730517333624
CUST_6122,0.06413169941608653
CUST_6123,0.07959544025607564
CUST_6124,0.07154609217283507
CUST_6125,0.08133721514726286
CUST_6126,0.12882540457057157
CUST_6127,0.11222554455699012
CUST_6128,0.04954020586109668
CUST_6129,0.05268391920664694
CUST_6130,0.07652304631482501
CUST_6131,0.08080265080716932
CUST_6132,0.06818508110352477
CUST_6133,0.059412735114540614
CUST_6134,0.0529806247745666
CUST_6135,0.08638876024320137
CUST_6136,0.04151074614170175
CUST_6137,0.07721745077473675
CUST_6138,0.06935812867389067
CUST_6139,0.08268111236117265
CUST_6140,0.05527079460736592
CUST_6141,0.1016749726490087
CUST_6142,0.07740663852867025
CUST_6143,0.08926944285779374
CUST_6144,0.055735836402510765
CUST_6145,0.056744279778017596
CUST_6146,0.0945399158910361
CUST_6147,0.13354800032122746
CUST_6148,0.06408966711347606
CUST_6149,0.07421621514084514
CUST_6150,0.0612135013533723
CUST_6151,0.09051217660584453
CUST_6152,0.06619542784066357
CUST_6153,0.052892690690504895
CUST_6154,0.06419293305600562
CUST_6155,0.08123610133748582
CUST_6156,0.08270984436082328
CUST_6157,0.05010749130823791
CUST_6158,0.08467898561649594
CUST_6159,0.0850410981114565
CUST_6160,0.0692683772769043
CUST_6161,0.047698473188126915
CUST_6162,0.07190592692506297
CUST_6163,0.087853099025952
CUST_6164,0.05265649842667055
CUST_6165,0.07397268426684893
CUST_6166,0.04107143816968375
CUST_6167,0.07140363071619443
CUST_6168,0.07881975311607804
CUST_6169,0.06118445479242094
CUST_6170,0.10564207799740434
CUST_6171,0.04645954139513448
CUST_6172,0.08453013708730994
CUST_6173,0.0604654339036844
CUST_6174,0.07732698807360006
CUST_6175,0.05960814908481554
CUST_6176,0.07007798585752688
CUST_6177,0.059910366090556395
CUST_6178,0.06184415171145082
CUST_6179,0.06060475628310404
CUST_6180,0.08711486889024578
CUST_6181,0.05571375215595142
CUST_6182,0.08589362385203503
CUST_6183,0.09201821675655142
CUST_6184,0.0705382013215468
CUST_6185,0.07776573735779432
CUST_6186,0.052073607388608334
CUST_6187,0.10076084895350856
CUST_6188,0.07247022911189198
CUST_6189,0.06560608579026564
CUST_6190,0.061087579720627776
CUST_6191,0.041495480199886185
CUST_6192,0.06080752775166062
CUST_6193,0.11719100360091154
CUST_6194,0.07965297943046938
CUST_6195,0.0690717705155466
CUST_6196,0.06623419852716135
CUST_6197,0.06339543633872258
CUST_6198,0.07438155299704798
CUST_6199,0.05537796619032237
CUST_6200,0.039101902669228285
CUST_6201,0.07196083214443416
CUST_6202,0.053757268115763535
CUST_6203,0.1355557285292206
CUST_6204,0.058363172712901014
CUST_6205,0.04888226945263899
CUST_6206,0.07794669331816488
CUST_6207,0.0993268440866093
CUST_6208,0.05131195934381732
CUST_6209,0.07730503140675372
CUST_6210,0.042150222362671165
CUST_6211,0.0477038211058548
CUST_6212,0.0813342804964907
CUST_6213,0.06821188258301127
CUST_6214,0.09771297937752986
CUST_6215,0.10203529959765088
CUST_6216,0.051784310491920484
CUST_6217,0.07023802641709236
CUST_6218,0.06585819496754716
CUST_6219,0.057411386846056144
CUST_6220,0.13215230767317218
CUST_6221,0.038884428064551724
CUST_6222,0.05493016908241671
CUST_6223,0.07347523542870164
CUST_6224,0.05490281310667414
CUST_6225,0.10167297536261892
CUST_6226,0.04116075468447777
CUST_6227,0.1263345012426217
CUST_6228,0.09980547763310875
CUST_6229,0.10117388974418416
CUST_6230,0.09487651386606177
CUST_6231,0.05172672146395078
CUST_6232,0.04109876570848018
CUST_6233,0.0888929954446566
CUST_6234,0.08404383034049617
CUST_6235,0.057219747528056836
CUST_6236,0.07729695539883776
CUST_6237,0.07587937321644186
CUST_6238,0.06168838230980633
CUST_6239,0.07791566457557067
CUST_6240,0.06979218305226213
CUST_6241,0.10146046694093991
CUST_6242,0.05602442245835076
CUST_6243,0.07515480409447685
CUST_6244,0.055377849802748354
CUST_6245,0.06653379133228611
CUST_6246,0.06415698563120437
CUST_6247,0.09002603488085692
CUST_6248,0.18491888122654546
CUST_6249,0.05365208800056372
CUST_6250,0.08439933867539622
CUST_6251,0.14288815150468756
CUST_6252,0.06347758221717986
CUST_6253,0.059332841415115696
CUST_6254,0.05599325506341996
CUST_6255,0.06399240427747856
CUST_6256,0.05088088822883078
CUST_6257,0.2581555346058974
CUST_6258,0.06159211746996627
CUST_6259,0.06640825275152266
CUST_6260,0.11650332176939941
CUST_6261,0.07217999830819531
CUST_6262,0.055370379723891576
CUST_6263,0.06576451296330092
CUST_6264,0.06620715618468566
CUST_6265,0.05811420966424158
CUST_6266,0.08096462779489215
CUST_6267,0.04368505700385852
CUST_6268,0.06681218323023005
CUST_6269,0.05062430985480219
CUST_6270,0.05355145210732071
CUST_6271,0.07549109537591929
CUST_6272,0.05399091565690726
CUST_6273,0.059622251819163065
CUST_6274,0.07279017074927324
CUST_6275,0.11057268599163361
CUST_6276,0.07338078424634077
CUST_6277,0.05307689081088052
CUST_6278,0.06868158100272907
CUST_6279,0.053557639889441656
CUST_6280,0.09065809609246663
CUST_6281,0.04781893328858683
CUST_6282,0.044812774705268975
CUST_6283,0.09786406179170627
CUST_6284,0.06983227425536918
CUST_6285,0.05153392328254283
CUST_6286,0.0681272546833996
CUST_6287,0.05034205719350244
CUST_6288,0.07703621608443477
CUST_6289,0.08387099993384321
CUST_6290,0.053020404193017005
CUST_6291,0.0533933572560405
CUST_6292,0.08155620068533793
CUST_6293,0.05895855121885862
CUST_6294,0.050359154020856535
CUST_6295,0.04220143989672754
CUST_6296,0.07378087283594847
CUST_6297,0.09572418217017072
CUST_6298,0.13313532094933633
CUST_6299,0.05887831649664863
CUST_6300,0.054676015842004495
CUST_6301,0.05616833600995571
CUST_6302,0.07370378760892238
CUST_6303,0.08509759128448187
CUST_6304,0.05528086679065975
CUST_6305,0.0918521083205527
CUST_6306,0.06439188091597885
CUST_6307,0.04877461653488921
CUST_6308,0.06663725460459084
CUST_6309,0.05124829495657842
CUST_6310,0.049959769041139857
CUST_6311,0.06479122002385335
CUST_6312,0.07970247081108008
CUST_6313,0.05741454324668854
CUST_6314,0.0586760676442428
CUST_6315,0.11856689545719117
CUST_6316,0.053784678440692325
CUST_6317,0.0817785446167218
CUST_6318,0.07150466481646241
CUST_6319,0.07857787503077963
CUST_6320,0.06252014298650156
CUST_6321,0.05336827289067284
CUST_6322,0.059214809899436005
CUST_6323,0.06494286236441049
CUST_6324,0.06556326547275766
CUST_6325,0.0651960094553746
CUST_6326,0.08786904552247343
CUST_6327,0.06153595121084183
CUST_6328,0.051381391493561274
CUST_6329,0.08615990047071327
CUST_6330,0.10167052015682247
CUST_6331,0.08323987505663331
CUST_6332,0.06896616037050415
CUST_6333,0.11484001135178291
CUST_6334,0.07926027136381697
CUST_6335,0.10161291507839976
CUST_6336,0.10592804210554546
CUST_6337,0.061947512436963635
CUST_6338,0.05703846021272634
CUST_6339,0.053266967307999104
CUST_6340,0.1471087073216324
CUST_6341,0.03670514397644175
CUST_6342,0.09730331086507861
CUST_6343,0.05114709395384357
CUST_6344,0.0712232644222451
CUST_6345,0.057153937557039486
CUST_6346,0.07349268632997112
CUST_6347,0.08210074214969398
CUST_6348,0.08100366610976555
CUST_6349,0.11890023181719854
CUST_6350,0.08905588891205334
CUST_6351,0.06319204378054771
CUST_6352,0.07309125870020573
CUST_6353,0.09984566499810531
CUST_6354,0.05329823057655767
CUST_6355,0.077237852309013
CUST_6356,0.06310588071773354
CUST_6357,0.09603503228347066
CUST_6358,0.06422413172167998
CUST_6359,0.0645103339303173
CUST_6360,0.056999466605492106
CUST_6361,0.08018054675314497
CUST_6362,0.06949182781728218
CUST_6363,0.10010511932244648
CUST_6364,0.059010290994989535
CUST_6365,0.09585785210239867
CUST_6366,0.0678552981747532
CUST_6367,0.08369065389279956
CUST_6368,0.07168753552883117
CUST_6369,0.07693028646893628
CUST_6370,0.0765869036704258
CUST_6371,0.08040333896318684
CUST_6372,0.06583134537691265
CUST_6373,0.05974910002297525
CUST_6374,0.07164411012105078
CUST_6375,0.09595350818219212
CUST_6376,0.07649543115138062
CUST_6377,0.05407957991956536
CUST_6378,0.08545320304134514
CUST_6379,0.05190030797392878
CUST_6380,0.0676539298782111
CUST_6381,0.05455814618097809
CUST_6382,0.05272715268005005
CUST_6383,0.06153763952731304
CUST_6384,0.07301258095867157
CUST_6385,0.0588334563129111
CUST_6386,0.07743152449102175
CUST_6387,0.07878682762092946
CUST_6388,0.058994317718048424
CUST_6389,0.08944712697877559
CUST_6390,0.07676434407903741
CUST_6391,0.06838326946845495
CUST_6392,0.10541012028666459
CUST_6393,0.10163814707583603
CUST_6394,0.06404882845179768
CUST_6395,0.05626414815954559
CUST_6396,0.1138811007746799
CUST_6397,0.065952805065977
CUST_6398,0.0492005170641344
CUST_6399,0.09544775633061843
CUST_6400,0.04800646662860355
CUST_6401,0.05477970745524715
CUST_6402,0.12932025379901468
CUST_6403,0.04129762221007406
CUST_6404,0.08225109131427355
CUST_6405,0.04081561155593267
CUST_6406,0.11684399550824547
CUST_6407,0.057524577654296
CUST_6408,0.08731078535094407
CUST_6409,0.06594412888389575
CUST_6410,0.07358150982469285
CUST_6411,0.07802817197468702
CUST_6412,0.07883489614083102
CUST_6413,0.08736189720550623
CUST_6414,0.04933150992853947
CUST_6415,0.08665323370688761
CUST_6416,0.15027765017240677
CUST_6417,0.06272819156691249
CUST_6418,0.10900229391016812
CUST_6419,0.05075393862969293
CUST_6420,0.0674383581431033
CUST_6421,0.06374240556054332
CUST_6422,0.08484770652493105
CUST_6423,0.07450017085811207
CUST_6424,0.07543710402048207
CUST_6425,0.05070257897241957
CUST_6426,0.05961195613948253
CUST_6427,0.11721413811621585
CUST_6428,0.05037966826974813
CUST_6429,0.05446207944510429
CUST_6430,0.06956291388604909
CUST_6431,0.11579026023500999
CUST_6432,0.08602231003961208
CUST_6433,0.11897489842673721
CUST_6434,0.0691413452178007
CUST_6435,0.07710907011943656
CUST_6436,0.08047563336643278
CUST_6437,0.07254459068567103
CUST_6438,0.11660123134760171
CUST_6439,0.07440913702075512
CUST_6440,0.08622033238044664
CUST_6441,0.06873298504540097
CUST_6442,0.0391697813350682
CUST_6443,0.05751564975168236
CUST_6444,0.07975027062909927
CUST_6445,0.08829048340713458
CUST_6446,0.05049563752442985
CUST_6447,0.17807936197879645
CUST_6448,0.10123247285097063
CUST_6449,0.08427085731717142
CUST_6450,0.07166613154702145
CUST_6451,0.07158576458841757
CUST_6452,0.05891003465300743
CUST_6453,0.07975874773823045
CUST_6454,0.07294005674005832
CUST_6455,0.08381085957392757
CUST_6456,0.04076563256511633
CUST_6457,0.07317744000471572
CUST_6458,0.05666697542869436
CUST_6459,0.05667073828025015
CUST_6460,0.09300660807675183
CUST_6461,0.09215790516557461
CUST_6462,0.08192624238586814
CUST_6463,0.054320489957136404
CUST_6464,0.04706088805874862
CUST_6465,0.0756948239618163
CUST_6466,0.09211990460109874
CUST_6467,0.043833104147699475
CUST_6468,0.04540144299807295
CUST_6469,0.08291317540843009
CUST_6470,0.05648367084268927
CUST_6471,0.04970108096415854
CUST_6472,0.048777508054903475
CUST_6473,0.08872496310339968
CUST_6474,0.06065314688563578
CUST_6475,0.09760319838815018
CUST_6476,0.05491726124052262
CUST_6477,0.10491744835404286
CUST_6478,0.07780893764787218
CUST_6479,0.055681355731284216
CUST_6480,0.07983483269323934
CUST_6481,0.09679262377145859
CUST_6482,0.04824607691793239
CUST_6483,0.06917979350982616
CUST_6484,0.07726565000620715
CUST_6485,0.0839019409103761
CUST_6486,0.04075978473771256
CUST_6487,0.06312942818777577
CUST_6488,0.07417828600735062
CUST_6489,0.07481539487233844
CUST_6490,0.04654422416043596
CUST_6491,0.07172220288491833
CUST_6492,0.08038082439143816
CUST_6493,0.08752523412667727
CUST_6494,0.0605899491245141
CUST_6495,0.07731864443901648
CUST_6496,0.08460113731016095
CUST_6497,0.0763182506177681
CUST_6498,0.05562678124164269
CUST_6499,0.07715305385291568
CUST_6500,0.05137633082282809
CUST_6501,0.08391247530645213
CUST_6502,0.17362389173747897
CUST_6503,0.06749190071088423
CUST_6504,0.05935709252282766
CUST_6505,0.034545394292570704
CUST_6506,0.07299685117539582
CUST_6507,0.06763012107410739
CUST_6508,0.050109206948454665
CUST_6509,0.08390355378842451
CUST_6510,0.0361523712695154
CUST_6511,0.09748418434735547
CUST_6512,0.06480023223694789
CUST_6513,0.06793319339232526
CUST_6514,0.07455754251347375
CUST_6515,0.09906816283856867
CUST_6516,0.09216436288431464
CUST_6517,0.05990471756174937
CUST_6518,0.06538197298777881
CUST_6519,0.04074617793038365
CUST_6520,0.06372386902249667
CUST_6521,0.061949476291900035
CUST_6522,0.037824166230705586
CUST_6523,0.07766377395085962
CUST_6524,0.10528839663336437
CUST_6525,0.06845593952542288
CUST_6526,0.07622737787785104
CUST_6527,0.0701770148663686
CUST_6528,0.1150300228296192
CUST_6529,0.04203388520987328
CUST_6530,0.10452671823192655
CUST_6531,0.14932323021659127
CUST_6532,0.0713483378987372
CUST_6533,0.08014969526529139
CUST_6534,0.06536726008220217
CUST_6535,0.0724718174946334
CUST_6536,0.05789663214192423
CUST_6537,0.08324998078540628
CUST_6538,0.054768629359781634
CUST_6539,0.03451653140658873
CUST_6540,0.07677849888531808
CUST_6541,0.06719605503953598
CUST_6542,0.058393105901743646
CUST_6543,0.06237646223885881
CUST_6544,0.04618636757090696
CUST_6545,0.06873774109544663
CUST_6546,0.13841983453786125
CUST_6547,0.12669435064730936
CUST_6548,0.059986342724342966
CUST_6549,0.058911785446326914
CUST_6550,0.0374092906492535
CUST_6551,0.07471032171388552
CUST_6552,0.06449613005400573
CUST_6553,0.034121274337730746
CUST_6554,0.06459746800987558
CUST_6555,0.07116612652509746
CUST_6556,0.06346183466582804
CUST_6557,0.05508515929122809
CUST_6558,0.05016149592169152
CUST_6559,0.06623021643652847
CUST_6560,0.06826994495099244
CUST_6561,0.05712530497265611
CUST_6562,0.0406402644972435
CUST_6563,0.05755388655153185
CUST_6564,0.09183173439604427
CUST_6565,0.06783901595677984
CUST_6566,0.08463786421993098
CUST_6567,0.07104372583398637
CUST_6568,0.08057754159242236
CUST_6569,0.07675034710313375
CUST_6570,0.11010092334315325
CUST_6571,0.0652063866625149
CUST_6572,0.05681867689593605
CUST_6573,0.14897306709624727
CUST_6574,0.06279287473566879
CUST_6575,0.07327290484208322
CUST_6576,0.04865217971831018
CUST_6577,0.0521832060574783
CUST_6578,0.05774676195140916
CUST_6579,0.07054221483193242
CUST_6580,0.09417893210214205
CUST_6581,0.08093067867944775
CUST_6582,0.09296950085621473
CUST_6583,0.052914667921072835
CUST_6584,0.03136858367311966
CUST_6585,0.12110061150403258
CUST_6586,0.08883006625008312
CUST_6587,0.0720618300179141
CUST_6588,0.08507173454820344
CUST_6589,0.17395895137835027
CUST_6590,0.1157424052174446
CUST_6591,0.07194026423830546
CUST_6592,0.05797347358986288
CUST_6593,0.10587608749008022
CUST_6594,0.05515742679745311
CUST_6595,0.034874602884736754
CUST_6596,0.057513817751552655
CUST_6597,0.06331168989973301
CUST_6598,0.05860123523401623
CUST_6599,0.05020929253414244
CUST_6600,0.05166515159015437
CUST_6601,0.04889749244212108
CUST_6602,0.05958716890277774
CUST_6603,0.055137401835829436
CUST_6604,0.058110296347474534
CUST_6605,0.06613615888309957
CUST_6606,0.053141944130573576
CUST_6607,0.08393435039564186
CUST_6608,0.06141803013284986
CUST_6609,0.06802475398489842
CUST_6610,0.09211461714995668
CUST_6611,0.0717813167348028
CUST_6612,0.08591208378330001
CUST_6613,0.03925612769472808
CUST_6614,0.09348066628787939
CUST_6615,0.07768219298372497
CUST_6616,0.0480086340396459
CUST_6617,0.0784296018922966
CUST_6618,0.055384193509964284
CUST_6619,0.07535779645610739
CUST_6620,0.04969369645457853
CUST_6621,0.05872970280236648
CUST_6622,0.0771044609890267
CUST_6623,0.08710282017722014
CUST_6624,0.0710486140830141
CUST_6625,0.07438105286003074
CUST_6626,0.05410896748301733
CUST_6627,0.09518468198086993
CUST_6628,0.05890379131162592
CUST_6629,0.06977761683901203
CUST_6630,0.08830903473612102
CUST_6631,0.05425127627910848
CUST_6632,0.10566710611392145
CUST_6633,0.09366647227512652
CUST_6634,0.07836335697150902
CUST_6635,0.06394108742055268
CUST_6636,0.06441796557384798
CUST_6637,0.054251887969256674
CUST_6638,0.07290862756517812
CUST_6639,0.0797853287533997
CUST_6640,0.05170103185306533
CUST_6641,0.06065280153548669
CUST_6642,0.0696369893043123
CUST_6643,0.05894800762942894
CUST_6644,0.036756746417453405
CUST_6645,0.06477542929852642
CUST_6646,0.0848299494407379
CUST_6647,0.08212262065036925
CUST_6648,0.05697608246137423
CUST_6649,0.04613105260664325
CUST_6650,0.10669941405317511
CUST_6651,0.05572781751425787
CUST_6652,0.05620315339895617
CUST_6653,0.05782304422434553
CUST_6654,0.06148989813465214
CUST_6655,0.07785501156680796
CUST_6656,0.10107878422959793
CUST_6657,0.07623378765501677
CUST_6658,0.07685495659763318
CUST_6659,0.0621441046504674
CUST_6660,0.0522164153016233
CUST_6661,0.05886939178275771
CUST_6662,0.11564108078346508
CUST_6663,0.09302334797644056
CUST_6664,0.09255882450455699
CUST_6665,0.07200660394963433
CUST_6666,0.07622275384936328
CUST_6667,0.06431871775575787
CUST_6668,0.04908467268320028
CUST_6669,0.1512558474428601
CUST_6670,0.05848156964260029
CUST_6671,0.04574311351194494
CUST_6672,0.056407639533863664
CUST_6673,0.07825538592767058
CUST_6674,0.07162802265899883
CUST_6675,0.0445729721321781
CUST_6676,0.07953861724930424
CUST_6677,0.06319260895592482
CUST_6678,0.09662747374950692
CUST_6679,0.07143978871954272
CUST_6680,0.05143144280211779
CUST_6681,0.07536307654370461
CUST_6682,0.08957599218739033
CUST_6683,0.08194328850087487
CUST_6684,0.11988163893702597
CUST_6685,0.06912166725636097
CUST_6686,0.0667446741855539
CUST_6687,0.07208410089556602
CUST_6688,0.056654484651950186
CUST_6689,0.05002852966686578
CUST_6690,0.05674585072817481
CUST_6691,0.05859843964557485
CUST_6692,0.04413061633129204
CUST_6693,0.06492625493679749
CUST_6694,0.08137518513937285
CUST_6695,0.05896653109137726
CUST_6696,0.0961319993409367
CUST_6697,0.11306811655550879
CUST_6698,0.11313217736834748
CUST_6699,0.10414006174920465
CUST_6700,0.049166922741935536
CUST_6701,0.07882860409710125
CUST_6702,0.09330927997527254
CUST_6703,0.08072490096826436
CUST_6704,0.05374998332815584
CUST_6705,0.0548283616529057
CUST_6706,0.04905645090481936
CUST_6707,0.05274695235492693
CUST_6708,0.0579989435146818
CUST_6709,0.0491226155247351
CUST_6710,0.0775211750184422
CUST_6711,0.04743637681645505
CUST_6712,0.09053415074809225
CUST_6713,0.047094964721273926
CUST_6714,0.05723772558676066
CUST_6715,0.081211492602128
CUST_6716,0.07834320675593016
CUST_6717,0.04244754200972223
CUST_6718,0.0736568783397814
CUST_6719,0.0661841554393519
CUST_6720,0.07349141285245446
CUST_6721,0.09182746769109336
CUST_6722,0.04971809320855489
CUST_6723,0.07270645051630908
CUST_6724,0.058815425113519816
CUST_6725,0.03947321409317631
CUST_6726,0.079085188897517
CUST_6727,0.06592612002848493
CUST_6728,0.06435551861118617
CUST_6729,0.08420338558169775
CUST_6730,0.06832505315757537
CUST_6731,0.06867014182887907
CUST_6732,0.06610254520946893
CUST_6733,0.08030992844065998
CUST_6734,0.050847102973515385
CUST_6735,0.04794326368490878
CUST_6736,0.10331547376610746
CUST_6737,0.06934763385069108
CUST_6738,0.11876118976040777
CUST_6739,0.09544674774639823
CUST_6740,0.06063194476844335
CUST_6741,0.09454476715122327
CUST_6742,0.1337814596853168
CUST_6743,0.0499439910767294
CUST_6744,0.08513519381670308
CUST_6745,0.07280285027008819
CUST_6746,0.0752437785798347
CUST_6747,0.07337861680493538
CUST_6748,0.06761496410497103
CUST_6749,0.08784444881439153
CUST_6750,0.12500438950204154
CUST_6751,0.0589390780536728
CUST_6752,0.11950947707373893
CUST_6753,0.07679329070131151
CUST_6754,0.058985295874912476
CUST_6755,0.035836590023142254
CUST_6756,0.13559347477029615
CUST_6757,0.09812272353351782
CUST_6758,0.05887506669192357
CUST_6759,0.11662365044413629
CUST_6760,0.07035875028275322
CUST_6761,0.05477228443050903
CUST_6762,0.06109897327894085
CUST_6763,0.07248816533716276
CUST_6764,0.05487762738688381
CUST_6765,0.04642486772968663
CUST_6766,0.09130714806377681
CUST_6767,0.05473123005828226
CUST_6768,0.07817513751098436
CUST_6769,0.041569921777111433
CUST_6770,0.07338641642212011
CUST_6771,0.08343379669048186
CUST_6772,0.056682753593327424
CUST_6773,0.11597283408375077
CUST_6774,0.070216802114471
CUST_6775,0.08801646636877973
CUST_6776,0.09135151965825838
CUST_6777,0.06570824461603036
CUST_6778,0.05412234494622262
CUST_6779,0.10542818538960608
CUST_6780,0.06635308629724546
CUST_6781,0.1072963375269126
CUST_6782,0.06361518220110686
CUST_6783,0.16670538174862845
CUST_6784,0.04676779824031053
CUST_6785,0.05787302891280983
CUST_6786,0.08343642640130612
CUST_6787,0.04075998801776901
CUST_6788,0.04594900759446049
CUST_6789,0.1086790102467442
CUST_6790,0.10148787535677499
CUST_6791,0.06975071241932813
CUST_6792,0.10429615766423433
CUST_6793,0.1024332809396185
CUST_6794,0.06202407841054344
CUST_6795,0.049943229368296614
CUST_6796,0.0777106150991133
CUST_6797,0.034107648069364435
CUST_6798,0.12265044328794716
CUST_6799,0.08470466006209976
CUST_6800,0.07428464841843468
CUST_6801,0.05352924282963726
CUST_6802,0.07393970270477418
CUST_6803,0.047521800943883606
CUST_6804,0.15746592405246876
CUST_6805,0.06676029296346307
CUST_6806,0.182110580132288
CUST_6807,0.060905597718136674
CUST_6808,0.07815037414323855
CUST_6809,0.04514552266612093
CUST_6810,0.05708443850297635
CUST_6811,0.11643102819841734
CUST_6812,0.10447065429075424
CUST_6813,0.0550435408561383
CUST_6814,0.05721387127265618
CUST_6815,0.05241691777997284
CUST_6816,0.052584545044851605
CUST_6817,0.06849903240058601
CUST_6818,0.07481561079970937
CUST_6819,0.0876445490738159
CUST_6820,0.07206100791246477
CUST_6821,0.07163647583201505
CUST_6822,0.052297572842372686
CUST_6823,0.07807627211536826
CUST_6824,0.07518293220030416
CUST_6825,0.03732499987159485
CUST_6826,0.05960810036944173
CUST_6827,0.08633570412153412
CUST_6828,0.05597107986642313
CUST_6829,0.057679287493883256
CUST_6830,0.04200933369957108
CUST_6831,0.09274840614214154
CUST_6832,0.057188299705516164
CUST_6833,0.06876647379920492
CUST_6834,0.09064269954427652
CUST_6835,0.05761603686080865
CUST_6836,0.061927570447631426
CUST_6837,0.07550100546088723
CUST_6838,0.0662270325029
CUST_6839,0.07894061087631744
CUST_6840,0.04877434060466756
CUST_6841,0.06732594239668249
CUST_6842,0.04437564677476625
CUST_6843,0.0738947845087667
CUST_6844,0.06950485521618348
CUST_6845,0.0759531995435876
CUST_6846,0.06680382660439614
CUST_6847,0.07183135632065639
CUST_6848,0.08925551571106043
CUST_6849,0.07122879389820012
CUST_6850,0.06682281494409864
CUST_6851,0.051451321152987124
CUST_6852,0.04109697974134311
CUST_6853,0.06969393201773443
CUST_6854,0.0459797465989143
CUST_6855,0.07070047212757048
CUST_6856,0.07727339322889372
CUST_6857,0.047929103811205354
CUST_6858,0.03594565800550339
CUST_6859,0.077230649898433
CUST_6860,0.06525883361890383
CUST_6861,0.10699769539825367
CUST_6862,0.07992331901954179
CUST_6863,0.08828987121219434
CUST_6864,0.0856560227085544
CUST_6865,0.07853810304328028
CUST_6866,0.10611082767121492
CUST_6867,0.057129393969714455
CUST_6868,0.10159046165991081
CUST_6869,0.07469432999018877
CUST_6870,0.08079662057551461
CUST_6871,0.09021944431892853
CUST_6872,0.1007604678688141
CUST_6873,0.16833358991361771
CUST_6874,0.07080887919152114
CUST_6875,0.0678483786460257
CUST_6876,0.09600791400810411
CUST_6877,0.08051976555668842
CUST_6878,0.09869643543484534
CUST_6879,0.05540153993146809
CUST_6880,0.0789465250040891
CUST_6881,0.08240490086921055
CUST_6882,0.06260451169526503
CUST_6883,0.06611722288510825
CUST_6884,0.053906132389382216
CUST_6885,0.13911935814738205
CUST_6886,0.07771707546268439
CUST_6887,0.04245712624471295
CUST_6888,0.06916190710779303
CUST_6889,0.10086517775288874
CUST_6890,0.11711532184458333
CUST_6891,0.09532233324329364
CUST_6892,0.09508553230310268
CUST_6893,0.050231545850497945
CUST_6894,0.07387466490027074
CUST_6895,0.050168342495677754
CUST_6896,0.05579195922528884
CUST_6897,0.06920513243522824
CUST_6898,0.08442707535893994
CUST_6899,0.07139106609509954
CUST_6900,0.07730802283425978
CUST_6901,0.07912207639626205
CUST_6902,0.04563190075210058
CUST_6903,0.04364900639347993
CUST_6904,0.07341858619577385
CUST_6905,0.08638047205649786
CUST_6906,0.06498873326339287
CUST_6907,0.05656446368831844
CUST_6908,0.06335243241697402
CUST_6909,0.10381163242232892
CUST_6910,0.06410283141343025
CUST_6911,0.06528643618763659
CUST_6912,0.04665054530232824
CUST_6913,0.047309795107913284
CUST_6914,0.060627812110588965
CUST_6915,0.06405227887316352
CUST_6916,0.07165132420488023
CUST_6917,0.08546737933609184
CUST_6918,0.05341251329332348
CUST_6919,0.06425349749241512
CUST_6920,0.055932941703942606
CUST_6921,0.07631150313172445
CUST_6922,0.06041798622593006
CUST_6923,0.06187116221271973
CUST_6924,0.06797924592266018
CUST_6925,0.08846297488097173
CUST_6926,0.06908914868456613
CUST_6927,0.0658106815745236
CUST_6928,0.043563925548771955
CUST_6929,0.1092928960916739
CUST_6930,0.07779412725030342
CUST_6931,0.07959777548579286
CUST_6932,0.1663863020306806
CUST_6933,0.08293825562892784
CUST_6934,0.0784828892384578
CUST_6935,0.09399371758399593
CUST_6936,0.15706578543038605
CUST_6937,0.0876247538072777
CUST_6938,0.06657546345540968
CUST_6939,0.07816393911484831
CUST_6940,0.07525399290905223
CUST_6941,0.1046349966349905
CUST_6942,0.05298140490701193
CUST_6943,0.07242071514145282
CUST_6944,0.046994751850001924
CUST_6945,0.07031503523357141
CUST_6946,0.05436192443351919
CUST_6947,0.08383398486383749
CUST_6948,0.07994747444958293
CUST_6949,0.05187530201858862
CUST_6950,0.05453198141752654
CUST_6951,0.03590120164142488
CUST_6952,0.0596372439835538
CUST_6953,0.08628243487745456
CUST_6954,0.05870952677299387
CUST_6955,0.0664241759655307
CUST_6956,0.0444778216442932
CUST_6957,0.06235494651720238
CUST_6958,0.03783234207996514
CUST_6959,0.060806879647504676
CUST_6960,0.08743285044947441
CUST_6961,0.06455821993923859
CUST_6962,0.07354004408028712
CUST_6963,0.085472321513223
CUST_6964,0.0805342175540179
CUST_6965,0.062459545932010745
CUST_6966,0.07034921511427521
CUST_6967,0.06463156503161178
CUST_6968,0.059584333375310106
CUST_6969,0.06999162497190543
CUST_6970,0.06487581834897271
CUST_6971,0.16573242485315456
CUST_6972,0.06471811664761959
CUST_6973,0.05012411444352438
CUST_6974,0.048213895963807096
CUST_6975,0.05408594261688445
CUST_6976,0.05437100169356975
CUST_6977,0.04736738415500402
CUST_6978,0.08960270180835182
CUST_6979,0.10628844309440227
CUST_6980,0.09980239474979778
CUST_6981,0.058866362419654004
CUST_6982,0.09500359678704318
CUST_6983,0.040969589323572635
CUST_6984,0.08651937864717947
CUST_6985,0.05052584837466873
CUST_6986,0.12482089655874436
CUST_6987,0.10670939802872174
CUST_6988,0.06986707493095111
CUST_6989,0.06802029917682945
CUST_6990,0.07695267986644774
CUST_6991,0.04998728359506027
CUST_6992,0.07592684778067545
CUST_6993,0.054535992220675567
CUST_6994,0.08392194070511523
CUST_6995,0.03989799925738138
CUST_6996,0.05362887195715443
CUST_6997,0.04583268782990596
CUST_6998,0.058006695877344826
CUST_6999,0.10768716518433384
CUST_7000,0.07368947034882749
CUST_7001,0.07815427806622431
CUST_7002,0.12310536837925579
CUST_7003,0.07037225238078836
CUST_7004,0.05317582288555856
CUST_7005,0.0668356022489236
CUST_7006,0.05443742271847892
CUST_7007,0.05356955721209339
CUST_7008,0.08115481559327813
CUST_7009,0.0652517047401943
CUST_7010,0.06636151287313798
CUST_7011,0.07028510319193083
CUST_7012,0.09821797079703548
CUST_7013,0.11032742621425395
CUST_7014,0.05890835824316393
CUST_7015,0.06306612972767862
CUST_7016,0.05599709493646726
CUST_7017,0.06726442059049902
CUST_7018,0.08150455272380559
CUST_7019,0.1355738781632793
CUST_7020,0.07692613219605145
CUST_7021,0.07021653087394296
CUST_7022,0.06359952375534501
CUST_7023,0.060541973992194666
CUST_7024,0.07455093990715654
CUST_7025,0.08865331451737417
CUST_7026,0.06469037251778718
CUST_7027,0.0564789122973241
CUST_7028,0.10254930423740106
CUST_7029,0.056254268745464825
CUST_7030,0.0719340529122835
CUST_7031,0.07312107126930709
CUST_7032,0.05516268387556794
CUST_7033,0.09674445151089896
CUST_7034,0.07891905956748271
CUST_7035,0.07981569011348785
CUST_7036,0.07582688873418773
CUST_7037,0.09338391316717852
CUST_7038,0.05129844299070017
CUST_7039,0.13941622954362612
CUST_7040,0.10741479183753994
CUST_7041,0.0483077565450487
CUST_7042,0.059026013187328696
CUST_7043,0.07139752999197052
CUST_7044,0.1137772862339857
CUST_7045,0.037575257708326155
CUST_7046,0.0578023713328499
CUST_7047,0.05456970030190686
CUST_7048,0.054436214843487374
CUST_7049,0.07528070049408786
CUST_7050,0.10387850459290038
CUST_7051,0.059535735989768024
CUST_7052,0.05738608951208415
CUST_7053,0.10158984181832569
CUST_7054,0.05962987565352077
CUST_7055,0.09689592531947354
CUST_7056,0.09661483254937518
CUST_7057,0.06050331901733059
CUST_7058,0.054408202017953884
CUST_7059,0.07291630876433806
CUST_7060,0.052939259908598484
CUST_7061,0.11793307739465324
CUST_7062,0.19390011510587876
CUST_7063,0.08880768389977212
CUST_7064,0.0801794416145344
CUST_7065,0.07483315603760204
CUST_7066,0.08775935274186741
CUST_7067,0.098788880509324
CUST_7068,0.04757659436657097
CUST_7069,0.046375237587921246
CUST_7070,0.11951503996670149
CUST_7071,0.07575029339027976
CUST_7072,0.04120953357573326
CUST_7073,0.08071910325740235
CUST_7074,0.051179881994096066
CUST_7075,0.06458381207227767
CUST_7076,0.06922441000493552
CUST_7077,0.05975614702133511
CUST_7078,0.07408161411317349
CUST_7079,0.04009408915550566
CUST_7080,0.06880331059161748
CUST_7081,0.050335919342914696
CUST_7082,0.06744679073876637
CUST_7083,0.0868102784099335
CUST_7084,0.07518700121010884
CUST_7085,0.07716047362067223
CUST_7086,0.07096283272581982
CUST_7087,0.04741188531255743
CUST_7088,0.06307073714432813
CUST_7089,0.06261270120687688
CUST_7090,0.08423319155404496
CUST_7091,0.0720656309664479
CUST_7092,0.08068617277141914
CUST_7093,0.09160749152967139
CUST_7094,0.08346099140255088
CUST_7095,0.07118850885835136
CUST_7096,0.08710930618246616
CUST_7097,0.052770775876577386
CUST_7098,0.06786035130078605
CUST_7099,0.056671109281729394
CUST_7100,0.07785098971975342
CUST_7101,0.04790387133900271
CUST_7102,0.07265743955695562
CUST_7103,0.06899438863539158
CUST_7104,0.057580995795288165
CUST_7105,0.07573236028599421
CUST_7106,0.07960302065969421
CUST_7107,0.05310504667300064
CUST_7108,0.1088085066487748
CUST_7109,0.05155342980455915
CUST_7110,0.09330410164659698
CUST_7111,0.04955661910487342
CUST_7112,0.11755913252089557
CUST_7113,0.04562528076607666
CUST_7114,0.044742450951192086
CUST_7115,0.13587504520782068
CUST_7116,0.06674092626357424
CUST_7117,0.08987358616523822
CUST_7118,0.07194536387071458
CUST_7119,0.09332568731633811
CUST_7120,0.13388173116355412
CUST_7121,0.07299636980353506
CUST_7122,0.046161197429660746
CUST_7123,0.05464801017681011
CUST_7124,0.10112315211881967
CUST_7125,0.0952940884779754
CUST_7126,0.06430693108468938
CUST_7127,0.07978361175672508
CUST_7128,0.04540009764865414
CUST_7129,0.05352635031771915
CUST_7130,0.048115231799401574
CUST_7131,0.0427308294460513
CUST_7132,0.07316401442573463
CUST_7133,0.08024749371116931
CUST_7134,0.09965167535549795
CUST_7135,0.061137142186174886
CUST_7136,0.06283591959923161
CUST_7137,0.13877955212432727
CUST_7138,0.050850658687281745
CUST_7139,0.09035903105027153
CUST_7140,0.07305067976853538
CUST_7141,0.048015399104347545
CUST_7142,0.0350431784664582
CUST_7143,0.06891201879739552
CUST_7144,0.050362173315025995
CUST_7145,0.04858332694609637
CUST_7146,0.052502845113442775
CUST_7147,0.09918497048212614
CUST_7148,0.063264918424307
CUST_7149,0.059039401889558196
CUST_7150,0.07612262602703114
CUST_7151,0.12215800303027073
CUST_7152,0.07164585608939598
CUST_7153,0.055704163042196386
CUST_7154,0.06478906610895153
CUST_7155,0.05911990711337959
CUST_7156,0.07656089854257978
CUST_7157,0.08332666914433613
CUST_7158,0.06722967369985385
CUST_7159,0.04174457896058037
CUST_7160,0.07970737993218424
CUST_7161,0.03902254011387405
CUST_7162,0.05474207217113176
CUST_7163,0.04565701403392552
CUST_7164,0.058012099511792765
CUST_7165,0.12655861239011468
CUST_7166,0.058301702246838116
CUST_7167,0.07825968851448387
CUST_7168,0.05306025063975308
CUST_7169,0.07352964869239123
CUST_7170,0.07951986215339255
CUST_7171,0.07221082791958827
CUST_7172,0.1328482785711116
CUST_7173,0.07828780560037048
CUST_7174,0.06525549204747368
CUST_7175,0.07916396816656494
CUST_7176,0.05876425721750961
CUST_7177,0.08472519054019127
CUST_7178,0.07485666406476243
CUST_7179,0.06761035142141224
CUST_7180,0.058216437844370535
CUST_7181,0.060984344297510755
CUST_7182,0.028200730559597043
CUST_7183,0.07385497276951859
CUST_7184,0.07328396146003335
CUST_7185,0.07050271486237106
CUST_7186,0.08015258422159507
CUST_7187,0.06561664171023612
CUST_7188,0.062254030094452
CUST_7189,0.07426256032445548
CUST_7190,0.06601028582360903
CUST_7191,0.07908560786565079
CUST_7192,0.07939282343757581
CUST_7193,0.06040008165029285
CUST_7194,0.06879066431704843
CUST_7195,0.04945372354339098
CUST_7196,0.06329551554102865
CUST_7197,0.06960385147335622
CUST_7198,0.12082766291605722
CUST_7199,0.08826060325441952
CUST_7200,0.07373247990661326
CUST_7201,0.07287756665527846
CUST_7202,0.17352223764449035
CUST_7203,0.06159926108887547
CUST_7204,0.0575308608661969
CUST_7205,0.06693062651710042
CUST_7206,0.055700796789934316
CUST_7207,0.055608298762664606
CUST_7208,0.0845711909421325
CUST_7209,0.0531612211667473
CUST_7210,0.06737103372325288
CUST_7211,0.08067305517411787
CUST_7212,0.07888577586593683
CUST_7213,0.061274400796887736
CUST_7214,0.03744669125827716
CUST_7215,0.0822471499907012
CUST_7216,0.07652886545953137
CUST_7217,0.05464587015726851
CUST_7218,0.08980597989181786
CUST_7219,0.08179427845699692
CUST_7220,0.050427807764399514
CUST_7221,0.04895527590166241
CUST_7222,0.0701376897988043
CUST_7223,0.05200165492791817
CUST_7224,0.10997984400937759
CUST_7225,0.09582858726771298
CUST_7226,0.0684527107831957
CUST_7227,0.07884654674350237
CUST_7228,0.1402702900596979
CUST_7229,0.07721986048741232
CUST_7230,0.10383434704424317
CUST_7231,0.05739991849107339
CUST_7232,0.06334512154284029
CUST_7233,0.05399939666121037
CUST_7234,0.06288886360592845
CUST_7235,0.054428566292127896
CUST_7236,0.07520256017413006
CUST_7237,0.07488213382925916
CUST_7238,0.05419924999818269
CUST_7239,0.07412348075034259
CUST_7240,0.075999136283905
CUST_7241,0.04997858666551002
CUST_7242,0.050517438105745716
CUST_7243,0.11551823784787028
CUST_7244,0.055150646881884514
CUST_7245,0.09739926954055962
CUST_7246,0.06404703254609717
CUST_7247,0.04725887299324585
CUST_7248,0.09942868954682688
CUST_7249,0.09285664442521528
CUST_7250,0.07698156469815554
CUST_7251,0.06752278531732477
CUST_7252,0.05586584967180671
CUST_7253,0.09915398222993595
CUST_7254,0.05273738698881556
CUST_7255,0.06762930871264465
CUST_7256,0.06558815986064315
CUST_7257,0.05545316582368371
CUST_7258,0.1103968148240916
CUST_7259,0.05796769696644488
CUST_7260,0.07692371692194112
CUST_7261,0.07714111082311594
CUST_7262,0.06637405282161309
CUST_7263,0.12112423498099918
CUST_7264,0.08699533461077964
CUST_7265,0.05236645843125024
CUST_7266,0.0795163157458097
CUST_7267,0.06880768229024015
CUST_7268,0.06744081463771484
CUST_7269,0.057591218131733075
CUST_7270,0.06310092147242591
CUST_7271,0.06265433149280285
CUST_7272,0.062028868972142805
CUST_7273,0.0836283520630162
CUST_7274,0.06941582530512229
CUST_7275,0.047371526253870616
CUST_7276,0.05248047425492269
CUST_7277,0.0893338351846437
CUST_7278,0.09347421966671361
CUST_7279,0.05062083663077043
CUST_7280,0.0812405799270448
CUST_7281,0.06224647481863354
CUST_7282,0.08536152083658179
CUST_7283,0.09149339096993575
CUST_7284,0.043071823102934226
CUST_7285,0.11587666107720455
CUST_7286,0.07025315747362433
CUST_7287,0.04537468772637824
CUST_7288,0.05286296440205426
CUST_7289,0.060461015649066106
CUST_7290,0.04509793124367989
CUST_7291,0.0832500594492887
CUST_7292,0.08091424266382097
CUST_7293,0.06149281359313005
CUST_7294,0.07188073779725923
CUST_7295,0.06519014462756272
CUST_7296,0.0555873427641733
CUST_7297,0.055513623401170054
CUST_7298,0.06666445341199882
CUST_7299,0.061796361085364494
CUST_7300,0.1037265015524891
CUST_7301,0.05553029027782417
CUST_7302,0.08313174810489819
CUST_7303,0.06343603107717842
CUST_7304,0.05063984582585995
CUST_7305,0.15435991563711265
CUST_7306,0.050426936957918084
CUST_7307,0.08708598339580724
CUST_7308,0.12711596292605054
CUST_7309,0.07856643630829546
CUST_7310,0.085207206501762
CUST_7311,0.0630729101144821
CUST_7312,0.0668253507764644
CUST_7313,0.06929297611125561
CUST_7314,0.04963579936437811
CUST_7315,0.05177802820483659
CUST_7316,0.06664139026829624
CUST_7317,0.07926702161298205
CUST_7318,0.06164901063640949
CUST_7319,0.05127862547307784
CUST_7320,0.08507014546598031
CUST_7321,0.15510283089912905
CUST_7322,0.08237771066314332
CUST_7323,0.09754615793019879
CUST_7324,0.051265332268478604
CUST_7325,0.05730116265549121
CUST_7326,0.10676358518214424
CUST_7327,0.0671512346576013
CUST_7328,0.06349180610658738
CUST_7329,0.08184694584396364
CUST_7330,0.07164850936520112
CUST_7331,0.07132744182493954
CUST_7332,0.08890868781201884
CUST_7333,0.1523566064331818
CUST_7334,0.06393417578916653
CUST_7335,0.05485625999744848
CUST_7336,0.04965321383040614
CUST_7337,0.06953972551047938
CUST_7338,0.06099318086350267
CUST_7339,0.04541922870441268
CUST_7340,0.06473975846207053
CUST_7341,0.050679453856040675
CUST_7342,0.05976325373148
CUST_7343,0.053344028999260586
CUST_7344,0.12771676577057975
CUST_7345,0.08170313171176762
CUST_7346,0.06778825666565189
CUST_7347,0.10085481982252577
CUST_7348,0.03881688456869929
CUST_7349,0.0926001201717036
CUST_7350,0.04076567983622754
CUST_7351,0.06744428657251077
CUST_7352,0.054400596598774
CUST_7353,0.09024336497608332
CUST_7354,0.08604614056006187
CUST_7355,0.08976887349090762
CUST_7356,0.05347980279773296
CUST_7357,0.05239410656192165
CUST_7358,0.070903439754088
CUST_7359,0.05820735684755588
CUST_7360,0.05688622538580268
CUST_7361,0.06694345889954001
CUST_7362,0.0993672076877297
CUST_7363,0.04919637909046729
CUST_7364,0.08329696952566447
CUST_7365,0.03661969699706906
CUST_7366,0.10335672856644589
CUST_7367,0.06688605491036366
CUST_7368,0.07406631519559244
CUST_7369,0.03569427210025002
CUST_7370,0.056925606932163614
CUST_7371,0.08070038044696788
CUST_7372,0.0658548755691281
CUST_7373,0.05598052233035461
CUST_7374,0.07636038281186981
CUST_7375,0.06504128814029812
CUST_7376,0.0788721411894736
CUST_7377,0.06684779882359872
CUST_7378,0.08559684932810378
CUST_7379,0.11072531700262135
CUST_7380,0.08994827158646888
CUST_7381,0.061217238306877086
CUST_7382,0.09249654439145223
CUST_7383,0.1175848868727874
CUST_7384,0.09654383688235278
CUST_7385,0.06482859340559462
CUST_7386,0.09159125320545781
CUST_7387,0.06757648025614162
CUST_7388,0.09061246357456115
CUST_7389,0.051706666950399
CUST_7390,0.05812400261807541
CUST_7391,0.11986376610795456
CUST_7392,0.08404622641771035
CUST_7393,0.0674954972732766
CUST_7394,0.09992106589789335
CUST_7395,0.06191167872160061
CUST_7396,0.0610249072800123
CUST_7397,0.0784164809252179
CUST_7398,0.07891132120611266
CUST_7399,0.03380645456787893
CUST_7400,0.10194016850101163
CUST_7401,0.11567444351133443
CUST_7402,0.07042881225824078
CUST_7403,0.07287988624884292
CUST_7404,0.04149145704694596
CUST_7405,0.05187442915168564
CUST_7406,0.057882775524354106
CUST_7407,0.06429013962322952
CUST_7408,0.061481281159369496
CUST_7409,0.1351524346157332
CUST_7410,0.07275147660823218
CUST_7411,0.09002254454007508
CUST_7412,0.08349238723372245
CUST_7413,0.07881882194157952
CUST_7414,0.039753903036987795
CUST_7415,0.05766845625468061
CUST_7416,0.05774873260817514
CUST_7417,0.04974490328940559
CUST_7418,0.0947830980239084
CUST_7419,0.069189850245111
CUST_7420,0.051677727288805264
CUST_7421,0.07651272920387243
CUST_7422,0.06164146576424356
CUST_7423,0.05739366948773825
CUST_7424,0.06780646750652405
CUST_7425,0.05228184414549537
CUST_7426,0.04989201680058764
CUST_7427,0.06487276622946118
CUST_7428,0.10512696894259872
CUST_7429,0.07085890938064805
CUST_7430,0.06020693194116944
CUST_7431,0.06472656744713749
CUST_7432,0.08557913397026555
CUST_7433,0.10340548424257821
CUST_7434,0.06104647244267247
CUST_7435,0.048359749940227924
CUST_7436,0.05929412881872173
CUST_7437,0.06363283192167991
CUST_7438,0.08358803635220426
CUST_7439,0.07546850536218871
CUST_7440,0.06535264764822744
CUST_7441,0.0843541647342773
CUST_7442,0.0917842876140979
CUST_7443,0.05585585534722178
CUST_7444,0.08749522145154494
CUST_7445,0.09101737462352692
CUST_7446,0.05196520606390137
CUST_7447,0.08338118971469506
CUST_7448,0.09238170599819262
CUST_7449,0.09423578587373453
CUST_7450,0.08019400660066206
CUST_7451,0.10319711788923817
CUST_7452,0.07915221934563178
CUST_7453,0.07522037810438952
CUST_7454,0.08149362692458294
CUST_7455,0.06760140702418205
CUST_7456,0.129828601327912
CUST_7457,0.08099509470644958
CUST_7458,0.07364091242075584
CUST_7459,0.059440560136022884
CUST_7460,0.11530487772657648
CUST_7461,0.05775712264667165
CUST_7462,0.037974526197590966
CUST_7463,0.0448781626440883
CUST_7464,0.05646422049652744
CUST_7465,0.08800023297586218
CUST_7466,0.048405305611008205
CUST_7467,0.06130821393487216
CUST_7468,0.06386846700057074
CUST_7469,0.11574081630292121
CUST_7470,0.05481281076402983
CUST_7471,0.11500641350483054
CUST_7472,0.04706674106197764
CUST_7473,0.058201223203610264
CUST_7474,0.05745034433660676
CUST_7475,0.10115492790307319
CUST_7476,0.09172458468718876
CUST_7477,0.1330272215040742
CUST_7478,0.05236032027493274
CUST_7479,0.12142317765234649
CUST_7480,0.05941755928524365
CUST_7481,0.04913411747556124
CUST_7482,0.04755429854140525
CUST_7483,0.09209511314646003
CUST_7484,0.04594935524226564
CUST_7485,0.09279999549132806
CUST_7486,0.0787394153889117
CUST_7487,0.07985700124482839
CUST_7488,0.057947385570100436
CUST_7489,0.0589566061821302
CUST_7490,0.07315044079512653
CUST_7491,0.04097620657860802
CUST_7492,0.08418772483502146
CUST_7493,0.07744571177075907
CUST_7494,0.07683072109127698
CUST_7495,0.05683712761820157
CUST_7496,0.056361830830808674
CUST_7497,0.07338499605163552
CUST_7498,0.04280518036602595
CUST_7499,0.044108875386645534
CUST_7500,0.06332757056476164
CUST_7501,0.13500754092577613
CUST_7502,0.1036178283212077
CUST_7503,0.06146334479662984
CUST_7504,0.08594049162672746
CUST_7505,0.06790210227770248
CUST_7506,0.04590758209113862
CUST_7507,0.046365467353641
CUST_7508,0.0729119018835138
CUST_7509,0.07677750793030964
CUST_7510,0.03910226091111204
CUST_7511,0.08502730545809489
CUST_7512,0.05948918160418163
CUST_7513,0.12556790625031722
CUST_7514,0.06607542222987647
CUST_7515,0.09651763270156817
CUST_7516,0.05462521009547531
CUST_7517,0.07378410891594867
CUST_7518,0.07220602394454377
CUST_7519,0.057937679002949445
CUST_7520,0.08678182763106246
CUST_7521,0.08196282777323304
CUST_7522,0.04473245577670993
CUST_7523,0.060824664806586964
CUST_7524,0.07253850939483376
CUST_7525,0.07713346456399449
CUST_7526,0.0636390259764177
CUST_7527,0.12345441612068224
CUST_7528,0.0703258191848381
CUST_7529,0.05762058967263082
CUST_7530,0.08903855580533987
CUST_7531,0.05485453927325117
CUST_7532,0.0688640232700398
CUST_7533,0.06592664186566022
CUST_7534,0.059754480616644345
CUST_7535,0.06560019136739288
CUST_7536,0.07861457403194788
CUST_7537,0.06746068621971942
CUST_7538,0.05198179114656289
CUST_7539,0.06979164217522009
CUST_7540,0.06645325196628099
CUST_7541,0.05017708774142454
CUST_7542,0.08881525862130173
CUST_7543,0.08066818747719774
CUST_7544,0.10131027644797268
CUST_7545,0.04984895683687759
CUST_7546,0.13817363541097985
CUST_7547,0.048278432225396066
CUST_7548,0.07084214853870985
CUST_7549,0.07895476987660727
CUST_7550,0.0691780390675822
CUST_7551,0.07386680630420711
CUST_7552,0.08354993486005872
CUST_7553,0.0665518532121764
CUST_7554,0.06651208018661031
CUST_7555,0.04489013025593374
CUST_7556,0.07974198765609701
CUST_7557,0.07742674125025413
CUST_7558,0.0955038840666108
CUST_7559,0.04249964667160295
CUST_7560,0.053340393014236015
CUST_7561,0.05899371424157077
CUST_7562,0.04222918187491468
CUST_7563,0.08637850627498489
CUST_7564,0.07150304272869351
CUST_7565,0.051410586524787354
CUST_7566,0.05943260350655008
CUST_7567,0.06499701532451713
CUST_7568,0.09413511870528206
CUST_7569,0.07952461508809168
CUST_7570,0.05521244544978835
CUST_7571,0.0830972183781853
CUST_7572,0.06073608319455862
CUST_7573,0.04584819119535457
CUST_7574,0.06299150779178052
CUST_7575,0.08714644946779715
CUST_7576,0.06577151353750321
CUST_7577,0.06749214072226077
CUST_7578,0.07538271121497088
CUST_7579,0.0485585167944294
CUST_7580,0.07799849650402481
CUST_7581,0.08099454243623372
CUST_7582,0.04086511848793801
CUST_7583,0.11712741208020483
CUST_7584,0.05758105735863601
CUST_7585,0.08470077300051426
CUST_7586,0.04109246137976703
CUST_7587,0.11520625488355811
CUST_7588,0.0911644244560379
CUST_7589,0.05741425380195695
CUST_7590,0.0678200267592632
CUST_7591,0.07255956452019642
CUST_7592,0.07963445201896774
CUST_7593,0.052180268443551385
CUST_7594,0.10884058279366392
CUST_7595,0.04822118383695823
CUST_7596,0.08407727581678837
CUST_7597,0.04466219704667596
CUST_7598,0.06823027158187055
CUST_7599,0.07820582201869863
CUST_7600,0.04161306181931687
CUST_7601,0.05935371226180691
CUST_7602,0.13034166716927997
CUST_7603,0.03602070854005139
CUST_7604,0.07380464448526944
CUST_7605,0.07896677487367067
CUST_7606,0.1280913219214797
CUST_7607,0.06001621034864313
CUST_7608,0.0620786290119848
CUST_7609,0.12016754648456662
CUST_7610,0.068686217537873
CUST_7611,0.07077189942916147
CUST_7612,0.08837966429227645
CUST_7613,0.07297182994726976
CUST_7614,0.08761062734998347
CUST_7615,0.04001347147418113
CUST_7616,0.06613960662119632
CUST_7617,0.06432911561260042
CUST_7618,0.07493916237108747
CUST_7619,0.0456368008522545
CUST_7620,0.15516499431765832
CUST_7621,0.08585619245240976
CUST_7622,0.0724472236935794
CUST_7623,0.08822156083177839
CUST_7624,0.044504889549224096
CUST_7625,0.11037517193451236
CUST_7626,0.11045949774834818
CUST_7627,0.08101889382045517
CUST_7628,0.047591692255888635
CUST_7629,0.06266088361001267
CUST_7630,0.1002063985349899
CUST_7631,0.03865550134740041
CUST_7632,0.05541406878668953
CUST_7633,0.08167471806332506
CUST_7634,0.10885107522379832
CUST_7635,0.05537752983940858
CUST_7636,0.06775168892820833
CUST_7637,0.04471077544549993
CUST_7638,0.057050646457250054
CUST_7639,0.0660662748514209
CUST_7640,0.06319566626979457
CUST_7641,0.07446620407859844
CUST_7642,0.07688383471831127
CUST_7643,0.03665058347673943
CUST_7644,0.06290065639044384
CUST_7645,0.08380814315586303
CUST_7646,0.05902561867597486
CUST_7647,0.04656571329649068
CUST_7648,0.08833816664667786
CUST_7649,0.06829949741606679
CUST_7650,0.09383902243448555
CUST_7651,0.062111970299411116
CUST_7652,0.06246525445626719
CUST_7653,0.15459842653853687
CUST_7654,0.06098099595749462
CUST_7655,0.07566092593424488
CUST_7656,0.12621366603460418
CUST_7657,0.16203279472742246
CUST_7658,0.051701481322172206
CUST_7659,0.04632725905185935
CUST_7660,0.10679506119742348
CUST_7661,0.0703714514965968
CUST_7662,0.05667124460760236
CUST_7663,0.05966696180808684
CUST_7664,0.07837442353838535
CUST_7665,0.04753816523146586
CUST_7666,0.049832185850347675
CUST_7667,0.06446547608075866
CUST_7668,0.08216572554724076
CUST_7669,0.0922909067620814
CUST_7670,0.07593093198255786
CUST_7671,0.04364913962740138
CUST_7672,0.0754203810674996
CUST_7673,0.10472632355654347
CUST_7674,0.07996309675593108
CUST_7675,0.06330190401360108
CUST_7676,0.04643937269375536
CUST_7677,0.05840841715760495
CUST_7678,0.06387918495013517
CUST_7679,0.05383143550748596
CUST_7680,0.05310128880201893
CUST_7681,0.11102153538753586
CUST_7682,0.07288737842623388
CUST_7683,0.0880682308002176
CUST_7684,0.10077432106927915
CUST_7685,0.11844713331126795
CUST_7686,0.05594210355499463
CUST_7687,0.03405617595862317
CUST_7688,0.0514430413405694
CUST_7689,0.07083273753944282
CUST_7690,0.06759522946032238
CUST_7691,0.12453012675272492
CUST_7692,0.05213261764994737
CUST_7693,0.06036445082224461
CUST_7694,0.07005298370045886
CUST_7695,0.15346156618709486
CUST_7696,0.07444771210697229
CUST_7697,0.06812608047165608
CUST_7698,0.06865265890256049
CUST_7699,0.06427302203608422
CUST_7700,0.05923057403702831
CUST_7701,0.058031645817176715
CUST_7702,0.06730662519210111
CUST_7703,0.10249819654694951
CUST_7704,0.14741704879524925
CUST_7705,0.05601913208567998
CUST_7706,0.07767785573946881
CUST_7707,0.07284323170309374
CUST_7708,0.07796656748713132
CUST_7709,0.05368512487112629
CUST_7710,0.05431314314819219
CUST_7711,0.04784416564885364
CUST_7712,0.05056879420973045
CUST_7713,0.14169064021138802
CUST_7714,0.07539337409874
CUST_7715,0.06524697181394314
CUST_7716,0.10325498258687277
CUST_7717,0.11370879940757785
CUST_7718,0.11969636064920332
CUST_7719,0.12258749123554911
CUST_7720,0.046895304251007346
CUST_7721,0.09267396383305493
CUST_7722,0.05970520288592107
CUST_7723,0.08908573575841104
CUST_7724,0.06381502523682699
CUST_7725,0.05089978425822034
CUST_7726,0.07664575493557832
CUST_7727,0.0968820545895826
CUST_7728,0.08184587708112902
CUST_7729,0.0953433807055572
CUST_7730,0.07791873191678146
CUST_7731,0.05819443769374307
CUST_7732,0.0645379932707892
CUST_7733,0.06218342169021233
CUST_7734,0.08069354439871589
CUST_7735,0.08423431445568026
CUST_7736,0.08042426744394741
CUST_7737,0.05945471432667181
CUST_7738,0.04093575295468153
CUST_7739,0.0735037300110258
CUST_7740,0.09264021911838982
CUST_7741,0.08077432650016285
CUST_7742,0.04725400234845404
CUST_7743,0.034416278797069655
CUST_7744,0.03896578348896105
CUST_7745,0.06957389252824382
CUST_7746,0.04863353677428588
CUST_7747,0.09280530293847566
CUST_7748,0.08913188894522465
CUST_7749,0.046086129140277404
CUST_7750,0.05555843225001961
CUST_7751,0.06931693885244905
CUST_7752,0.07076360342285824
CUST_7753,0.050486824771509085
CUST_7754,0.048485493376649307
CUST_7755,0.03872696969740096
CUST_7756,0.0694367886569547
CUST_7757,0.061095511081166474
CUST_7758,0.05121499799015666
CUST_7759,0.05184842181039534
CUST_7760,0.12147589806887937
CUST_7761,0.0627636332253386
CUST_7762,0.06961194277154208
CUST_7763,0.08506096880430035
CUST_7764,0.08603017777235
CUST_7765,0.08047143674536598
CUST_7766,0.06723655811197805
CUST_7767,0.061491670228815604
CUST_7768,0.08138166562875865
CUST_7769,0.069551633240321
CUST_7770,0.06747375491895939
CUST_7771,0.06894909567632618
CUST_7772,0.07389634040395027
CUST_7773,0.06424999022731649
CUST_7774,0.10493728013719257
CUST_7775,0.050570146688590195
CUST_7776,0.04685377682230308
CUST_7777,0.07633526796691724
CUST_7778,0.060002649739465785
CUST_7779,0.0974791563155123
CUST_7780,0.08725848706391999
CUST_7781,0.05808369720215834
CUST_7782,0.049785605235996046
CUST_7783,0.05802381259200145
CUST_7784,0.06538001619604016
CUST_7785,0.09825409491045645
CUST_7786,0.08163437781037726
CUST_7787,0.10257102540695966
CUST_7788,0.0760059023033749
CUST_7789,0.05401005455347388
CUST_7790,0.06447099756419943
CUST_7791,0.0487964453033648
CUST_7792,0.06473973051965497
CUST_7793,0.08414171973499833
CUST_7794,0.06091346102568713
CUST_7795,0.12077248075683693
CUST_7796,0.08001723973899791
CUST_7797,0.06940649959912916
CUST_7798,0.0965312857148161
CUST_7799,0.056568700293396425
CUST_7800,0.06872796874792857
CUST_7801,0.08329915262122951
CUST_7802,0.13720032668352122
CUST_7803,0.07262648615930398
CUST_7804,0.05707387461895144
CUST_7805,0.0703573506439531
CUST_7806,0.049546966984742626
CUST_7807,0.039120796683177056
CUST_7808,0.06825709667321317
CUST_7809,0.08540896839366124
CUST_7810,0.05387470945399234
CUST_7811,0.10351176282185569
CUST_7812,0.12187913752405218
CUST_7813,0.08733729927395932
CUST_7814,0.0609969961818578
CUST_7815,0.04916612559107945
CUST_7816,0.06992766317079378
CUST_7817,0.06789310785182388
CUST_7818,0.10078632658710067
CUST_7819,0.09621440796305303
CUST_7820,0.06778101849524205
CUST_7821,0.060204165897080726
CUST_7822,0.09142807190702941
CUST_7823,0.08669766465843669
CUST_7824,0.13255077234642365
CUST_7825,0.07383637237763706
CUST_7826,0.09093231289206137
CUST_7827,0.06746335833165028
CUST_7828,0.04199178007196829
CUST_7829,0.08087656244663
CUST_7830,0.09287427152415702
CUST_7831,0.04142665581019015
CUST_7832,0.04855422980440799
CUST_7833,0.11617711655596137
CUST_7834,0.054295390168735636
CUST_7835,0.11422515058297554
CUST_7836,0.06031144783442818
CUST_7837,0.06491248027648265
CUST_7838,0.11803136363461648
CUST_7839,0.06906080766189322
CUST_7840,0.07012592813012829
CUST_7841,0.04217042445132882
CUST_7842,0.08692772647126845
CUST_7843,0.06221704676377091
CUST_7844,0.0715039576378491
CUST_7845,0.221338278167562
CUST_7846,0.06683842989646055
CUST_7847,0.05217114524369832
CUST_7848,0.04424760970143312
CUST_7849,0.0848427018480397
CUST_7850,0.14199371481362552
CUST_7851,0.05220642719268034
CUST_7852,0.07773501082040919
CUST_7853,0.13553767397552352
CUST_7854,0.09262065510650618
CUST_7855,0.10602849396297398
CUST_7856,0.0728290120316713
CUST_7857,0.08601786756813128
CUST_7858,0.07177215477675337
CUST_7859,0.08724197425853504
CUST_7860,0.09225635754077188
CUST_7861,0.07683943925537907
CUST_7862,0.050287356230674686
CUST_7863,0.052158860840569955
CUST_7864,0.09476000107622896
CUST_7865,0.07566963296443892
CUST_7866,0.0928176618705646
CUST_7867,0.06147189180982652
CUST_7868,0.04190980032535909
CUST_7869,0.04074769534206427
CUST_7870,0.07615594886514078
CUST_7871,0.060720834527252104
CUST_7872,0.05029936909806699
CUST_7873,0.04864923570171495
CUST_7874,0.10853911627513622
CUST_7875,0.08076984954704447
CUST_7876,0.061663653683921994
CUST_7877,0.05379596545446088
CUST_7878,0.044871445536832505
CUST_7879,0.06790416942349471
CUST_7880,0.06613302884592633
CUST_7881,0.0592413355629588
CUST_7882,0.053238932283335226
CUST_7883,0.06075941782941402
CUST_7884,0.07501690352697948
CUST_7885,0.04420386168332946
CUST_7886,0.10248486409143871
CUST_7887,0.11671949053574353
CUST_7888,0.05062841119083634
CUST_7889,0.09763580286226538
CUST_7890,0.13949105446910973
CUST_7891,0.04002070781741746
CUST_7892,0.06415788945706323
CUST_7893,0.06878531957226937
CUST_7894,0.0397695648974934
CUST_7895,0.08626335473062567
CUST_7896,0.07673511950870754
CUST_7897,0.0931094254564792
CUST_7898,0.0634366906975599
CUST_7899,0.08946554396498667
CUST_7900,0.05697171075828233
CUST_7901,0.09016256364907077
CUST_7902,0.07739877922877612
CUST_7903,0.08357836399388596
CUST_7904,0.05582137946567193
CUST_7905,0.062127671211715994
CUST_7906,0.09046570705922534
CUST_7907,0.04938503323495791
CUST_7908,0.061125313354206866
CUST_7909,0.07603518064230201
CUST_7910,0.11380285892102422
CUST_7911,0.09054080181370346
CUST_7912,0.044201720522330484
CUST_7913,0.04530604323381687
CUST_7914,0.16006283184515765
CUST_7915,0.06422738712813325
CUST_7916,0.08784566598426412
CUST_7917,0.05000458139441089
CUST_7918,0.10046223127966021
CUST_7919,0.04755066991049534
CUST_7920,0.07705318262587112
CUST_7921,0.06252658699258527
CUST_7922,0.0767971320779832
CUST_7923,0.06929016733178336
CUST_7924,0.05642226119268734
CUST_7925,0.05803886434418378
CUST_7926,0.11635857732861356
CUST_7927,0.08879095327973663
CUST_7928,0.05774124389537449
CUST_7929,0.059122956820436355
CUST_7930,0.05802285650017513
CUST_7931,0.06124097848323076
CUST_7932,0.07683347680343232
CUST_7933,0.09145822185181167
CUST_7934,0.059070840850122895
CUST_7935,0.05157615326334542
CUST_7936,0.06300123200623005
CUST_7937,0.05467560053970272
CUST_7938,0.04678611215441126
CUST_7939,0.08524740497621332
CUST_7940,0.07355053856030314
CUST_7941,0.06078208784267548
CUST_7942,0.054397551076032426
CUST_7943,0.05601920932263865
CUST_7944,0.03332774807618542
CUST_7945,0.09157685006976678
CUST_7946,0.0669409485787803
CUST_7947,0.07285201285840011
CUST_7948,0.07838397651332496
CUST_7949,0.06405766925027818
CUST_7950,0.06864672274962458
CUST_7951,0.07019774036445739
CUST_7952,0.05362846933591451
CUST_7953,0.06507505434931139
CUST_7954,0.06927834329112527
CUST_7955,0.059213306809194365
CUST_7956,0.057910653883862406
CUST_7957,0.07816344410535503
CUST_7958,0.05992104587376205
CUST_7959,0.061126073067746596
CUST_7960,0.05879295606922713
CUST_7961,0.08253425517916084
CUST_7962,0.09445220754465929
CUST_7963,0.11572356462721622
CUST_7964,0.13884735019923233
CUST_7965,0.0766073650878722
CUST_7966,0.11055915074495204
CUST_7967,0.07039234834141837
CUST_7968,0.08522021045414006
CUST_7969,0.09498547301300224
CUST_7970,0.07350217445279862
CUST_7971,0.05117793230876829
CUST_7972,0.08965895166142253
CUST_7973,0.04628938643166583
CUST_7974,0.07671948016460507
CUST_7975,0.09382590347391993
CUST_7976,0.03467774007802316
CUST_7977,0.06318087753630584
CUST_7978,0.06321626941806864
CUST_7979,0.07560592855715381
CUST_7980,0.06974930608335243
CUST_7981,0.0781634569197761
CUST_7982,0.049209448375123616
CUST_7983,0.0611580676851069
CUST_7984,0.06874443418811407
CUST_7985,0.08980876559138884
CUST_7986,0.04840323674206714
CUST_7987,0.042360403502087585
CUST_7988,0.05997861266308141
CUST_7989,0.06344920294044423
CUST_7990,0.09164948257546846
CUST_7991,0.07432401909188276
CUST_7992,0.07560976681268185
CUST_7993,0.07341551032854898
CUST_7994,0.08705183924851172
CUST_7995,0.037357275301752625
CUST_7996,0.0432070445668292
CUST_7997,0.05102147630400847
CUST_7998,0.09652313554104265
CUST_7999,0.06905847670812633
CUST_8000,0.057234551403276955
CUST_8001,0.06912058258143772
CUST_8002,0.08203573163241205
CUST_8003,0.08458999913054088
CUST_8004,0.06704619002005856
CUST_8005,0.062330967094735866
CUST_8006,0.08987636366895953
CUST_8007,0.05077428976317861
CUST_8008,0.0642566510887954
CUST_8009,0.06469852435937819
CUST_8010,0.055852764874566335
CUST_8011,0.10994115388623753
CUST_8012,0.09641024354165585
CUST_8013,0.0830607820530279
CUST_8014,0.08256070380743326
CUST_8015,0.07435021654452258
CUST_8016,0.05944832444783974
CUST_8017,0.11839472340851992
CUST_8018,0.06398083143127133
CUST_8019,0.05689639339945755
CUST_8020,0.11789703311232691
CUST_8021,0.05816636485171051
CUST_8022,0.07943005362126203
CUST_8023,0.07396862410237208
CUST_8024,0.15159630225695575
CUST_8025,0.07979216680836489
CUST_8026,0.07115410524295006
CUST_8027,0.09634297437439966
CUST_8028,0.11618591517512028
CUST_8029,0.055495276892168675
CUST_8030,0.07244318437558679
CUST_8031,0.05226746001357538
CUST_8032,0.06103160069521157
CUST_8033,0.06157086692014487
CUST_8034,0.07072609388828882
CUST_8035,0.07932810866348268
CUST_8036,0.0559012438184873
CUST_8037,0.055239589267533896
CUST_8038,0.04557310536562348
CUST_8039,0.049194256596508994
CUST_8040,0.051442467955805204
CUST_8041,0.11058786351866579
CUST_8042,0.06490581961645449
CUST_8043,0.062255955033470804
CUST_8044,0.05519218283147872
CUST_8045,0.08896291003513285
CUST_8046,0.0617910203995559
CUST_8047,0.055800398745549484
CUST_8048,0.06594697120868884
CUST_8049,0.11244118804567349
CUST_8050,0.0632172530141571
CUST_8051,0.06756780681171642
CUST_8052,0.10880045709750925
CUST_8053,0.04456920292484221
CUST_8054,0.05807252727810181
CUST_8055,0.08639695840308803
CUST_8056,0.06804312507558946
CUST_8057,0.08762967069104176
CUST_8058,0.08569511786362005
CUST_8059,0.04195803629777169
CUST_8060,0.10646934599109659
CUST_8061,0.059466251748881226
CUST_8062,0.054651315450143935
CUST_8063,0.07226019633905753
CUST_8064,0.10515224968754944
CUST_8065,0.05380968253816255
CUST_8066,0.06719377203107775
CUST_8067,0.05237411869205814
CUST_8068,0.0636055761490149
CUST_8069,0.1182283283552437
CUST_8070,0.062251021868786165
CUST_8071,0.06636564898108548
CUST_8072,0.06944236987556239
CUST_8073,0.08976458880157018
CUST_8074,0.03371323501014892
CUST_8075,0.10261809014203811
CUST_8076,0.10536317957744284
CUST_8077,0.05675891639662223
CUST_8078,0.04407985018303132
CUST_8079,0.04847931954914273
CUST_8080,0.06360706438635329
CUST_8081,0.06931229220813427
CUST_8082,0.059074803758702166
CUST_8083,0.0993800200344309
CUST_8084,0.0527274801276628
CUST_8085,0.16288046995418679
CUST_8086,0.1085914930940713
CUST_8087,0.06402986580978494
CUST_8088,0.06740158639902728
CUST_8089,0.07831119696647602
CUST_8090,0.0794632852335722
CUST_8091,0.06504320293608
CUST_8092,0.06961018348786524
CUST_8093,0.07921487364360905
CUST_8094,0.05090627376220699
CUST_8095,0.12203756805600137
CUST_8096,0.0699080761234955
CUST_8097,0.11682105506572092
CUST_8098,0.0921567110858814
CUST_8099,0.03997627835519229
CUST_8100,0.053296819185905946
CUST_8101,0.0733801348423289
CUST_8102,0.052654764165858035
CUST_8103,0.05326615777291471
CUST_8104,0.06474843352868291
CUST_8105,0.04904127413092967
CUST_8106,0.04874356939966307
CUST_8107,0.047052452114448445
CUST_8108,0.09153685661082106
CUST_8109,0.05138055738077493
CUST_8110,0.07542608915833592
CUST_8111,0.0832040821616893
CUST_8112,0.0984271136279994
CUST_8113,0.09261464392592927
CUST_8114,0.06413933488232602
CUST_8115,0.06369309581642647
CUST_8116,0.056380559003708225
CUST_8117,0.0811065210148444
CUST_8118,0.08708883457318728
CUST_8119,0.04836075017271727
CUST_8120,0.07123396703806052
CUST_8121,0.089249518567668
CUST_8122,0.06631120957507679
CUST_8123,0.06962542904230123
CUST_8124,0.08559549936351805
CUST_8125,0.06550386255028635
CUST_8126,0.05328861073924359
CUST_8127,0.13079452486306853
CUST_8128,0.07370305496441466
CUST_8129,0.06440307022880348
CUST_8130,0.172078663864935
CUST_8131,0.05950034497269379
CUST_8132,0.05842795647963733
CUST_8133,0.05912285579819689
CUST_8134,0.04405149187634153
CUST_8135,0.05614250340219525
CUST_8136,0.0985936361702503
CUST_8137,0.07745543409379001
CUST_8138,0.09600899918409882
CUST_8139,0.07888702249006928
CUST_8140,0.04900400209104485
CUST_8141,0.1125410366233195
CUST_8142,0.06024857311811688
CUST_8143,0.06595123837147905
CUST_8144,0.07821188094686148
CUST_8145,0.08538146463444944
CUST_8146,0.07743101664201106
CUST_8147,0.05459973679404321
CUST_8148,0.06235938318236225
CUST_8149,0.08534698803342493
CUST_8150,0.08002980822598416
CUST_8151,0.05853588857242977
CUST_8152,0.058173324801487736
CUST_8153,0.052118687957100174
CUST_8154,0.05906921901698991
CUST_8155,0.08730239435756972
CUST_8156,0.10982778360461787
CUST_8157,0.0551339710363136
CUST_8158,0.04439637860895291
CUST_8159,0.11563564803582273
CUST_8160,0.07126416813201282
CUST_8161,0.08965667843610318
CUST_8162,0.061904278116821136
CUST_8163,0.052103865980476984
CUST_8164,0.08810837960909701
CUST_8165,0.1609058282847978
CUST_8166,0.08600761304395205
CUST_8167,0.05536056978365004
CUST_8168,0.09540655821421534
CUST_8169,0.06180334398099727
CUST_8170,0.09023534238012398
CUST_8171,0.0591722736978
CUST_8172,0.06731397290431608
CUST_8173,0.06410082172319899
CUST_8174,0.07688334691942476
CUST_8175,0.05096687293337407
CUST_8176,0.09508566062831152
CUST_8177,0.05141465221596262
CUST_8178,0.17185202532344201
CUST_8179,0.07055470987756235
CUST_8180,0.06959451642837443
CUST_8181,0.07506031139109155
CUST_8182,0.0712190632393511
CUST_8183,0.03552373440771568
CUST_8184,0.07266062752045925
CUST_8185,0.04248301673145608
CUST_8186,0.08046747691840707
CUST_8187,0.05034013975143171
CUST_8188,0.1214107094711984
CUST_8189,0.0839468905427707
CUST_8190,0.08149716455570973
CUST_8191,0.08087230694905137
CUST_8192,0.05509948912731547
CUST_8193,0.08206398860692247
CUST_8194,0.05765488513466099
CUST_8195,0.0787189233022499
CUST_8196,0.07646958088788407
CUST_8197,0.0659838938347972
CUST_8198,0.10843888673994624
CUST_8199,0.05603631958393072
CUST_8200,0.05038217916779238
CUST_8201,0.08515053490052242
CUST_8202,0.06884076704736224
CUST_8203,0.05242449532597782
CUST_8204,0.07794224818045788
CUST_8205,0.06887382052375304
CUST_8206,0.06501165362441186
CUST_8207,0.06954757222396096
CUST_8208,0.08708767486851698
CUST_8209,0.03362919944713416
CUST_8210,0.05062970771810204
CUST_8211,0.06642131878207029
CUST_8212,0.07904046090854143
CUST_8213,0.07329324042935761
CUST_8214,0.07278688083785437
CUST_8215,0.09006735822988805
CUST_8216,0.07225762773630744
CUST_8217,0.06060649437347948
CUST_8218,0.0489633979297139
CUST_8219,0.05439118429813807
CUST_8220,0.05822016871580518
CUST_8221,0.10861339565587787
CUST_8222,0.06883027721846574
CUST_8223,0.08567285125225517
CUST_8224,0.061599892244412556
CUST_8225,0.08125456500369672
CUST_8226,0.05347493479451065
CUST_8227,0.05603792515270078
CUST_8228,0.07663843232701312
CUST_8229,0.04731179954538604
CUST_8230,0.10859241002381474
CUST_8231,0.07546095312278307
CUST_8232,0.0700102633448871
CUST_8233,0.047686780656718795
CUST_8234,0.05864643800184846
CUST_8235,0.07314669569325707
CUST_8236,0.10462258914819657
CUST_8237,0.07389341013850248
CUST_8238,0.1039050454188265
CUST_8239,0.05789328585250995
CUST_8240,0.0646673721676728
CUST_8241,0.09176302864149806
CUST_8242,0.06090124758750881
CUST_8243,0.062418545726753503
CUST_8244,0.08298176200862421
CUST_8245,0.0841665183702915
CUST_8246,0.058407247617134055
CUST_8247,0.04517666733101095
CUST_8248,0.06420776113771927
CUST_8249,0.07559213037115563
CUST_8250,0.06151451665151706
CUST_8251,0.06805590817756937
CUST_8252,0.06339359825142453
CUST_8253,0.05777452107020745
CUST_8254,0.048677762437715905
CUST_8255,0.058072738779171025
CUST_8256,0.05668402610790264
CUST_8257,0.0772311577394266
CUST_8258,0.047150991744724445
CUST_8259,0.06051513623346368
CUST_8260,0.05211872177583334
CUST_8261,0.032989341781710396
CUST_8262,0.04228793850091364
CUST_8263,0.0880333629952761
CUST_8264,0.06819234291298948
CUST_8265,0.05530239720835053
CUST_8266,0.10621594816529177
CUST_8267,0.06614340690122293
CUST_8268,0.057116262422603016
CUST_8269,0.0713086151199448
CUST_8270,0.06109252142369807
CUST_8271,0.056622696966193126
CUST_8272,0.06538618141474756
CUST_8273,0.06638275751868615
CUST_8274,0.06055318620374737
CUST_8275,0.06929154494456072
CUST_8276,0.06711146505688936
CUST_8277,0.0713813195034493
CUST_8278,0.07163037874107255
CUST_8279,0.041369962014017124
CUST_8280,0.05245499346399233
CUST_8281,0.052324249135001694
CUST_8282,0.06312196410484482
CUST_8283,0.08389420557006184
CUST_8284,0.038959381958651895
CUST_8285,0.11095206759522279
CUST_8286,0.05951831184319386
CUST_8287,0.05842582714165906
CUST_8288,0.06693685839002968
CUST_8289,0.0747607546762251
CUST_8290,0.05816019832473914
CUST_8291,0.07705586981181121
CUST_8292,0.06924879637968616
CUST_8293,0.07435718506426958
CUST_8294,0.0680635836283676
CUST_8295,0.12402653075975605
CUST_8296,0.05872053154019783
CUST_8297,0.10463332822447785
CUST_8298,0.06887201215179356
CUST_8299,0.059888014266305294
CUST_8300,0.04595701687597018
CUST_8301,0.05406145050140817
CUST_8302,0.05415428799285779
CUST_8303,0.041182476922127474
CUST_8304,0.07184410922977091
CUST_8305,0.03035027940002806
CUST_8306,0.07555231169373054
CUST_8307,0.06766321915155331
CUST_8308,0.0743125729527734
CUST_8309,0.06640505634212308
CUST_8310,0.06788026688983964
CUST_8311,0.06262598703247882
CUST_8312,0.05263980867814
CUST_8313,0.06640015491974847
CUST_8314,0.05983395409965019
CUST_8315,0.09821522749202531
CUST_8316,0.07484371756674445
CUST_8317,0.0656680252218156
CUST_8318,0.049865836773273976
CUST_8319,0.06808305460825136
CUST_8320,0.05681494885793272
CUST_8321,0.08930885915245344
CUST_8322,0.08025654447277093
CUST_8323,0.05046434494480356
CUST_8324,0.04907234032783881
CUST_8325,0.09991758317239337
CUST_8326,0.07702847971279762
CUST_8327,0.05900334520759248
CUST_8328,0.07336942202532296
CUST_8329,0.055634179747318324
CUST_8330,0.0711392181596159
CUST_8331,0.05710038812823717
CUST_8332,0.1295851696300742
CUST_8333,0.06675065042306332
CUST_8334,0.06473260760044024
CUST_8335,0.07783658331506024
CUST_8336,0.11021772677433474
CUST_8337,0.060680549481924854
CUST_8338,0.15559768503548768
CUST_8339,0.052778813526995455
CUST_8340,0.06658243588244388
CUST_8341,0.07864432732452424
CUST_8342,0.0556690187268255
CUST_8343,0.09032822489092979
CUST_8344,0.07020067887870982
CUST_8345,0.08138963287341737
CUST_8346,0.055774411258979105
CUST_8347,0.08449149464647383
CUST_8348,0.11700722883455168
CUST_8349,0.054593074328225855
CUST_8350,0.06471256782374203
CUST_8351,0.07781634297377323
CUST_8352,0.0704690226126838
CUST_8353,0.10538472386974285
CUST_8354,0.07121403880012891
CUST_8355,0.0657423281238467
CUST_8356,0.15346832410947536
CUST_8357,0.08459623104198773
CUST_8358,0.04891603811663215
CUST_8359,0.06388512851413382
CUST_8360,0.056978325061051605
CUST_8361,0.07103072139078631
CUST_8362,0.0916846997532003
CUST_8363,0.05942020818453658
CUST_8364,0.09605364794590972
CUST_8365,0.10379675868659571
CUST_8366,0.05320103817790847
CUST_8367,0.05899534143195731
CUST_8368,0.11726900930958147
CUST_8369,0.0819537443687293
CUST_8370,0.05315564907150317
CUST_8371,0.1415535330578779
CUST_8372,0.04628468572405362
CUST_8373,0.05572903330581771
CUST_8374,0.09255822630054251
CUST_8375,0.054026451973186417
CUST_8376,0.08435577212607952
CUST_8377,0.06285245828549064
CUST_8378,0.08174934761849446
CUST_8379,0.050939918842632805
CUST_8380,0.11094086088552345
CUST_8381,0.04101884623951265
CUST_8382,0.07716705991136047
CUST_8383,0.09787668095627296
CUST_8384,0.09145437425302888
CUST_8385,0.06097095653528372
CUST_8386,0.04446480535068966
CUST_8387,0.06849901119654463
CUST_8388,0.05216054068088894
CUST_8389,0.09050515760688989
CUST_8390,0.07386635344868485
CUST_8391,0.12511524503606128
CUST_8392,0.13021257115492912
CUST_8393,0.09683961008282282
CUST_8394,0.07172429692373712
CUST_8395,0.04918815313658336
CUST_8396,0.07909955750200977
CUST_8397,0.1270185521567064
CUST_8398,0.09749425991708971
CUST_8399,0.05173300836626859
CUST_8400,0.06376233285578353
CUST_8401,0.0721885928628386
CUST_8402,0.0617450192867231
CUST_8403,0.12636160887011075
CUST_8404,0.05068674501052154
CUST_8405,0.1055065670879712
CUST_8406,0.06750735232792392
CUST_8407,0.050785073786327184
CUST_8408,0.05221893918074225
CUST_8409,0.08946292079624703
CUST_8410,0.06441103138507727
CUST_8411,0.06489274177552525
CUST_8412,0.06960253439744996
CUST_8413,0.08538507351944451
CUST_8414,0.06128420746676815
CUST_8415,0.06329716871667335
CUST_8416,0.044318754009830104
CUST_8417,0.08886010232277382
CUST_8418,0.04517275235130558
CUST_8419,0.07836550365924837
CUST_8420,0.071381739353063
CUST_8421,0.09930002898343647
CUST_8422,0.0700037426664022
CUST_8423,0.09164583710181044
CUST_8424,0.05102331276997641
CUST_8425,0.05469139526226233
CUST_8426,0.06693036904727874
CUST_8427,0.09580441388276544
CUST_8428,0.05986398449632526
CUST_8429,0.05716796533857702
CUST_8430,0.06671742551787192
CUST_8431,0.06387543305705333
CUST_8432,0.05451510126633837
CUST_8433,0.08332888714333705
CUST_8434,0.040164320627728775
CUST_8435,0.06364302956124825
CUST_8436,0.05144588415151465
CUST_8437,0.03875032771624464
CUST_8438,0.05841679466153801
CUST_8439,0.049109786106382676
CUST_8440,0.09334897124225013
CUST_8441,0.07129786827989959
CUST_8442,0.07719112102619151
CUST_8443,0.06195191372573425
CUST_8444,0.09908818976836022
CUST_8445,0.060896538119010274
CUST_8446,0.03996321616508567
CUST_8447,0.1008542771133863
CUST_8448,0.0588799705388996
CUST_8449,0.07596921048034933
CUST_8450,0.0794826670584199
CUST_8451,0.08886790701521853
CUST_8452,0.060325324884516536
CUST_8453,0.09525162154289306
CUST_8454,0.12498368028435791
CUST_8455,0.06070241022073283
CUST_8456,0.051631193186959586
CUST_8457,0.051462628316876265
CUST_8458,0.057354018495072545
CUST_8459,0.06025875793766031
CUST_8460,0.0989394558784254
CUST_8461,0.059959687797336535
CUST_8462,0.1012178999407532
CUST_8463,0.06934023635333161
CUST_8464,0.08248746518951745
CUST_8465,0.0913003163710235
CUST_8466,0.057423147199211565
CUST_8467,0.05600472567228587
CUST_8468,0.10620139795896583
CUST_8469,0.07029450208530424
CUST_8470,0.07258179583732034
CUST_8471,0.05671097569878248
CUST_8472,0.04873660845574898
CUST_8473,0.04974677452233257
CUST_8474,0.0703190112786881
CUST_8475,0.03680357003746873
CUST_8476,0.0713061332066116
CUST_8477,0.07014002568623297
CUST_8478,0.08140639873914084
CUST_8479,0.11802305764184529
CUST_8480,0.045516477672748135
CUST_8481,0.1930666221895795
CUST_8482,0.07991193968378053
CUST_8483,0.047689301711838966
CUST_8484,0.06673428588685315
CUST_8485,0.06077739830395512
CUST_8486,0.05578063761712601
CUST_8487,0.055367528321239534
CUST_8488,0.06444889298184402
CUST_8489,0.08556489454966458
CUST_8490,0.07102819294842559
CUST_8491,0.060085998173905385
CUST_8492,0.07032094953048491
CUST_8493,0.05519108915807039
CUST_8494,0.05152316961294628
CUST_8495,0.07028435299979219
CUST_8496,0.054194750781239615
CUST_8497,0.07638554175611088
CUST_8498,0.05713714139411552
CUST_8499,0.0803284581509089
CUST_8500,0.054399586927711935
CUST_8501,0.05469889251968881
CUST_8502,0.08625901125204055
CUST_8503,0.06782363575852969
CUST_8504,0.08394353525821285
CUST_8505,0.09572056575180277
CUST_8506,0.06985030745930845
CUST_8507,0.07980608861477974
CUST_8508,0.043607752134728166
CUST_8509,0.05661194240239528
CUST_8510,0.07221935593559538
CUST_8511,0.09606869403183645
CUST_8512,0.06973376139392133
CUST_8513,0.07613614328827528
CUST_8514,0.05776316510576555
CUST_8515,0.08315948812785612
CUST_8516,0.053953040993426855
CUST_8517,0.0431440229129482
CUST_8518,0.06324743827842617
CUST_8519,0.0859884049932243
CUST_8520,0.08852810535978385
CUST_8521,0.04747213453207252
CUST_8522,0.06251479929260241
CUST_8523,0.06530316120729913
CUST_8524,0.04647148426846176
CUST_8525,0.06403802207613772
CUST_8526,0.03553915395205428
CUST_8527,0.08138702475468074
CUST_8528,0.08306636769719618
CUST_8529,0.08836601034907608
CUST_8530,0.0405726236089314
CUST_8531,0.04595568681172
CUST_8532,0.05154624572332897
CUST_8533,0.0461167006365873
CUST_8534,0.041880936568293385
CUST_8535,0.05895341096919326
CUST_8536,0.08384417287831207
CUST_8537,0.09253304158856594
CUST_8538,0.09410969472757162
CUST_8539,0.048366459671030815
CUST_8540,0.06553834311080628
CUST_8541,0.10497103876712528
CUST_8542,0.06704529713432493
CUST_8543,0.06742971290399376
CUST_8544,0.09422831434986179
CUST_8545,0.06698152712280736
CUST_8546,0.1318444063108171
CUST_8547,0.05565739795901775
CUST_8548,0.05640101702911887
CUST_8549,0.05578028062173344
CUST_8550,0.06119222842186608
CUST_8551,0.06022872233271904
CUST_8552,0.08507093903381567
CUST_8553,0.059712156052853134
CUST_8554,0.10576273131617146
CUST_8555,0.08288787674514946
CUST_8556,0.042952433714737226
CUST_8557,0.0629063518635498
CUST_8558,0.05480382094013242
CUST_8559,0.06775363335782851
CUST_8560,0.09547710513906944
CUST_8561,0.10773986663767286
CUST_8562,0.043081539914900824
CUST_8563,0.11323653939049959
CUST_8564,0.05973605736625376
CUST_8565,0.0438890035549458
CUST_8566,0.1367899507797947
CUST_8567,0.0970396790150816
CUST_8568,0.047067967905821746
CUST_8569,0.07817285268853251
CUST_8570,0.0893844021746457
CUST_8571,0.08773875214678534
CUST_8572,0.1566498661436537
CUST_8573,0.04576648054856758
CUST_8574,0.05350316158365718
CUST_8575,0.0673146516940692
CUST_8576,0.08001946659794772
CUST_8577,0.0660615131620225
CUST_8578,0.07967863212175565
CUST_8579,0.0630186669602293
CUST_8580,0.06672271408282031
CUST_8581,0.09073637989051604
CUST_8582,0.06044130935833822
CUST_8583,0.07611644764614917
CUST_8584,0.09895541126661835
CUST_8585,0.07557201006343701
CUST_8586,0.041112123696468314
CUST_8587,0.04706515811553621
CUST_8588,0.11553955151766991
CUST_8589,0.05699078727678961
CUST_8590,0.06214748273233859
CUST_8591,0.09144430674483413
CUST_8592,0.04829262756516491
CUST_8593,0.10562630503979413
CUST_8594,0.123118726663063
CUST_8595,0.06177361111845817
CUST_8596,0.08218109708619407
CUST_8597,0.09544354557431213
CUST_8598,0.06581276726142779
CUST_8599,0.06430777852021857
CUST_8600,0.05030891721920211
CUST_8601,0.09803552197705885
CUST_8602,0.09794692229269274
CUST_8603,0.06968090705301772
CUST_8604,0.08595839640205445
CUST_8605,0.08098992284450468
CUST_8606,0.08631943849097538
CUST_8607,0.05663892493649883
CUST_8608,0.08496616221277321
CUST_8609,0.0676643343015933
CUST_8610,0.04208579053718873
CUST_8611,0.10869158909755526
CUST_8612,0.05345020088038549
CUST_8613,0.09196407393611404
CUST_8614,0.053699835510964855
CUST_8615,0.10323995486904347
CUST_8616,0.11228038581120021
CUST_8617,0.10055498420284618
CUST_8618,0.07164985221642935
CUST_8619,0.09588950141648363
CUST_8620,0.0967786053951825
CUST_8621,0.06287076881797812
CUST_8622,0.04723399556580447
CUST_8623,0.06666316561126824
CUST_8624,0.06312501377307399
CUST_8625,0.03989804650081916
CUST_8626,0.09369419031388154
CUST_8627,0.07079373331717655
CUST_8628,0.07471618083638348
CUST_8629,0.06279075223536512
CUST_8630,0.06624876231534195
CUST_8631,0.06881126314622008
CUST_8632,0.07772197497488774
CUST_8633,0.09087490780842562
CUST_8634,0.142433046644165
CUST_8635,0.06446004502834614
CUST_8636,0.04941810538635797
CUST_8637,0.05766061897631738
CUST_8638,0.1028760060909623
CUST_8639,0.05934148333689516
CUST_8640,0.10036165091648454
CUST_8641,0.06363524138405409
CUST_8642,0.07425561775408501
CUST_8643,0.06014988220709155
CUST_8644,0.04540547037935692
CUST_8645,0.06421815632038728
CUST_8646,0.033090809535973265
CUST_8647,0.07699939320019727
CUST_8648,0.09830632795461791
CUST_8649,0.056472010681884566
CUST_8650,0.12440689321472458
CUST_8651,0.03898991543287214
CUST_8652,0.07081486754100356
CUST_8653,0.060901937254451866
CUST_8654,0.0625677966891378
CUST_8655,0.08567983083871374
CUST_8656,0.12783528363243132
CUST_8657,0.05486256147836099
CUST_8658,0.06444722698696541
CUST_8659,0.07332193504496175
CUST_8660,0.03757253757765774
CUST_8661,0.0466949924218164
CUST_8662,0.10365801674152113
CUST_8663,0.11707661222341063
CUST_8664,0.05414274542394867
CUST_8665,0.057069998490492664
CUST_8666,0.10682393683566886
CUST_8667,0.07799974304286462
CUST_8668,0.12922664881456633
CUST_8669,0.09062355754389473
CUST_8670,0.09163665016697813
CUST_8671,0.09868293008548656
CUST_8672,0.05503050769656081
CUST_8673,0.0727279553722353
CUST_8674,0.05038604560669241
CUST_8675,0.0873291237574146
CUST_8676,0.11097511160499358
CUST_8677,0.03650488932216261
CUST_8678,0.07472662038811698
CUST_8679,0.07191350997290076
CUST_8680,0.041638319182461685
CUST_8681,0.058693869031073105
CUST_8682,0.06632959076887114
CUST_8683,0.05762744838117049
CUST_8684,0.06356993566747922
CUST_8685,0.07550599080314753
CUST_8686,0.0690628904528249
CUST_8687,0.09503302410773397
CUST_8688,0.09031176867158495
CUST_8689,0.051039217184324914
CUST_8690,0.0463960907196355
CUST_8691,0.10780860879811564
CUST_8692,0.06827773014641135
CUST_8693,0.04067031477753729
CUST_8694,0.0689007571151327
CUST_8695,0.06559087109025857
CUST_8696,0.05068718103384162
CUST_8697,0.0472271770926202
CUST_8698,0.06432114156288671
CUST_8699,0.07570998940425694
CUST_8700,0.06400120540600979
CUST_8701,0.10094857805441515
CUST_8702,0.06211593165935166
CUST_8703,0.08733686304523834
CUST_8704,0.12748086752568152
CUST_8705,0.17934742208857882
CUST_8706,0.07188231101809836
CUST_8707,0.06507670676649176
CUST_8708,0.04717362798737688
CUST_8709,0.06892668625815912
CUST_8710,0.07019201599136198
CUST_8711,0.07215600728772416
CUST_8712,0.23716876471414802
CUST_8713,0.07853709532413376
CUST_8714,0.06672075693589181
CUST_8715,0.07557443255036149
CUST_8716,0.08869411897453224
CUST_8717,0.02713864554665102
CUST_8718,0.05028154652267417
CUST_8719,0.04194656017402761
CUST_8720,0.09805351456337315
CUST_8721,0.06766863380786668
CUST_8722,0.08941616810557868
CUST_8723,0.07656087801210006
CUST_8724,0.07064395296790021
CUST_8725,0.0450505715195311
CUST_8726,0.07445577656962508
CUST_8727,0.043617610196454604
CUST_8728,0.07559025002454284
CUST_8729,0.05274865807122844
CUST_8730,0.056849085290745026
CUST_8731,0.0691878596457916
CUST_8732,0.0529479134175137
CUST_8733,0.10824011163881932
CUST_8734,0.06345714831312303
CUST_8735,0.04733423966937734
CUST_8736,0.07078927397921082
CUST_8737,0.2043670298715736
CUST_8738,0.05985321586847516
CUST_8739,0.14898775340120893
CUST_8740,0.0568659245429635
CUST_8741,0.08807410641448449
CUST_8742,0.08335750999685888
CUST_8743,0.054730945913107905
CUST_8744,0.06269293657694765
CUST_8745,0.04825333932275041
CUST_8746,0.0713152850772903
CUST_8747,0.09863687630921687
CUST_8748,0.15858842137508108
CUST_8749,0.05783014065593484
CUST_8750,0.06602017892826717
CUST_8751,0.05647184220938775
CUST_8752,0.06442059018947845
CUST_8753,0.05999175433420095
CUST_8754,0.04516615794301462
CUST_8755,0.058500068736713984
CUST_8756,0.07639646803174178
CUST_8757,0.06851809909462242
CUST_8758,0.06465714495325779
CUST_8759,0.043037250844661666
CUST_8760,0.08442359934555714
CUST_8761,0.08574874014697768
CUST_8762,0.05261762963624325
CUST_8763,0.07875781055142567
CUST_8764,0.05140597222076643
CUST_8765,0.07261406998712776
CUST_8766,0.07904379588840858
CUST_8767,0.1288376330149583
CUST_8768,0.0924683162738213
CUST_8769,0.10825900765413571
CUST_8770,0.06364771979625562
CUST_8771,0.09563416909084761
CUST_8772,0.07089305862114371
CUST_8773,0.11416478317425104
CUST_8774,0.055349895009701
CUST_8775,0.09373791707392999
CUST_8776,0.05569229992901715
CUST_8777,0.04317795524209019
CUST_8778,0.049800247254364736
CUST_8779,0.06866776214022584
CUST_8780,0.05786407889269015
CUST_8781,0.09073693528737692
CUST_8782,0.11087492425506935
CUST_8783,0.09226476567888568
CUST_8784,0.041283016076783724
CUST_8785,0.06407839577611131
CUST_8786,0.10221241435704022
CUST_8787,0.04795496747340592
CUST_8788,0.0784516717109466
CUST_8789,0.08716974343734495
CUST_8790,0.08612770201162201
CUST_8791,0.20318082195556442
CUST_8792,0.06709727723584241
CUST_8793,0.03772691885572012
CUST_8794,0.07773663183727504
CUST_8795,0.06969030883436356
CUST_8796,0.06330142396810062
CUST_8797,0.043256775186497086
CUST_8798,0.05813568706442155
CUST_8799,0.059118224233922635
CUST_8800,0.08957396454527222
CUST_8801,0.05635256240822556
CUST_8802,0.08218609407903459
CUST_8803,0.07034987124715575
CUST_8804,0.06112990162016465
CUST_8805,0.17008580035473278
CUST_8806,0.09923925511988585
CUST_8807,0.11790307741865484
CUST_8808,0.04777829429971637
CUST_8809,0.06264548988162173
CUST_8810,0.09451584722827133
CUST_8811,0.10056800338479466
CUST_8812,0.11383971546932829
CUST_8813,0.058287600327470886
CUST_8814,0.05663925907207052
CUST_8815,0.11690403230326245
CUST_8816,0.06680767204980567
CUST_8817,0.0557823095494849
CUST_8818,0.06100376344281564
CUST_8819,0.05225262615445254
CUST_8820,0.07029780394991339
CUST_8821,0.057595852270893394
CUST_8822,0.20569558695985193
CUST_8823,0.06718577700664659
CUST_8824,0.061357180379701705
CUST_8825,0.09311044000543424
CUST_8826,0.06528612671651256
CUST_8827,0.09158912064595696
CUST_8828,0.06558074537822968
CUST_8829,0.07023792550672965
CUST_8830,0.07404453229209453
CUST_8831,0.04925834301947992
CUST_8832,0.045284687906158104
CUST_8833,0.08010728030860786
CUST_8834,0.055058006005252486
CUST_8835,0.08770460915839379
CUST_8836,0.06776805624810552
CUST_8837,0.09644356977193717
CUST_8838,0.06731341014822648
CUST_8839,0.07478430348023966
CUST_8840,0.04293370806951575
CUST_8841,0.0968809684974175
CUST_8842,0.12454511760359586
CUST_8843,0.09244112258282823
CUST_8844,0.09378824545511288
CUST_8845,0.05017908820634079
CUST_8846,0.11007371090807327
CUST_8847,0.05996148762003937
CUST_8848,0.07988824973058765
CUST_8849,0.1036606417446001
CUST_8850,0.11495096472895013
CUST_8851,0.053612851250921405
CUST_8852,0.0995423678134889
CUST_8853,0.10890387682966796
CUST_8854,0.08054699258586014
CUST_8855,0.06988209829391984
CUST_8856,0.055898995082891034
CUST_8857,0.05817373792159424
CUST_8858,0.08012297352358833
CUST_8859,0.0637264188393996
CUST_8860,0.07322996930457876
CUST_8861,0.11433905953735103
CUST_8862,0.03605751720961895
CUST_8863,0.0559278475717849
CUST_8864,0.06017318917323721
CUST_8865,0.09784562991520174
CUST_8866,0.04897365172886201
CUST_8867,0.07610389337578677
CUST_8868,0.08065138019941591
CUST_8869,0.04645776033854118
CUST_8870,0.10723134837132363
CUST_8871,0.06708851297025449
CUST_8872,0.06181570545204107
CUST_8873,0.08647826375148904
CUST_8874,0.08876555736206782
CUST_8875,0.03625909467292279
CUST_8876,0.060381503688291156
CUST_8877,0.05144455370805962
CUST_8878,0.0548544126322782
CUST_8879,0.04992933195972804
CUST_8880,0.1185187882538938
CUST_8881,0.04993583016564381
CUST_8882,0.08183926479790649
CUST_8883,0.06188667257938337
CUST_8884,0.07753266025014362
CUST_8885,0.05067223657822469
CUST_8886,0.0737295941706646
CUST_8887,0.08254985124505847
CUST_8888,0.049691105834011616
CUST_8889,0.051973852575312667
CUST_8890,0.0481870727242188
CUST_8891,0.05320272450787147
CUST_8892,0.08630093985102406
CUST_8893,0.07634314075661314
CUST_8894,0.06744024282073689
CUST_8895,0.08792426265338422
CUST_8896,0.06855290612350184
CUST_8897,0.07105003964439445
CUST_8898,0.05186850365744588
CUST_8899,0.04484050281391875
CUST_8900,0.07931970233689799
CUST_8901,0.06643100211119507
CUST_8902,0.12769121849057455
CUST_8903,0.06842626779932032
CUST_8904,0.07551071357553747
CUST_8905,0.04739649258166908
CUST_8906,0.06448244887499226
CUST_8907,0.09094748169824081
CUST_8908,0.09899500635601345
CUST_8909,0.04963865921322197
CUST_8910,0.09971468229134778
CUST_8911,0.043518327732791455
CUST_8912,0.06852835379435301
CUST_8913,0.06665241582098091
CUST_8914,0.0609835765098129
CUST_8915,0.09298535874167062
CUST_8916,0.04007738518961145
CUST_8917,0.04997071501506389
CUST_8918,0.06948439390912686
CUST_8919,0.05297410472039913
CUST_8920,0.05010696061408825
CUST_8921,0.10953514115197177
CUST_8922,0.11291187812416233
CUST_8923,0.054085498212400614
CUST_8924,0.05796382130769764
CUST_8925,0.05583985743579426
CUST_8926,0.1238923187088961
CUST_8927,0.045839442501965755
CUST_8928,0.048737155016667096
CUST_8929,0.08048462263789523
CUST_8930,0.10990094956357661
CUST_8931,0.07397805323553237
CUST_8932,0.043235676647078426
CUST_8933,0.09476045422934053
CUST_8934,0.14160770438162137
CUST_8935,0.08019628277298753
CUST_8936,0.07906931525392029
CUST_8937,0.09709048328988461
CUST_8938,0.07280826800569219
CUST_8939,0.06075306471828144
CUST_8940,0.0999514599489102
CUST_8941,0.07086617809362539
CUST_8942,0.08072116721078107
CUST_8943,0.05607641594203446
CUST_8944,0.060675778025724485
CUST_8945,0.13687530313925214
CUST_8946,0.07650825169604453
CUST_8947,0.06854136304452633
CUST_8948,0.04863104633996355
CUST_8949,0.06054873922913815
CUST_8950,0.08891579780787341
CUST_8951,0.07677964199993065
CUST_8952,0.09381083084135348
CUST_8953,0.060634523994109714
CUST_8954,0.05768654513911121
CUST_8955,0.0862563909859508
CUST_8956,0.07307323750330176
CUST_8957,0.0451945795275299
CUST_8958,0.08239323649800019
CUST_8959,0.09088644777045368
CUST_8960,0.04357033777739877
CUST_8961,0.06388424556184812
CUST_8962,0.07079161912332492
CUST_8963,0.23644928776928795
CUST_8964,0.09554410474037019
CUST_8965,0.05021805402838909
CUST_8966,0.06967964720135657
CUST_8967,0.06200698450488143
CUST_8968,0.0652697693053678
CUST_8969,0.05157911817887897
CUST_8970,0.051870342007853044
CUST_8971,0.08317810362172649
CUST_8972,0.0664200203809598
CUST_8973,0.08124916442570757
CUST_8974,0.12034956663780431
CUST_8975,0.08441189912104946
CUST_8976,0.06800460447784577
CUST_8977,0.04400761637719942
CUST_8978,0.07048075239946153
CUST_8979,0.06281297407933548
CUST_8980,0.07177991752561448
CUST_8981,0.060576995003344174
CUST_8982,0.04866025366990342
CUST_8983,0.058400598913386254
CUST_8984,0.0685189464128477
CUST_8985,0.17814575056702642
CUST_8986,0.0655547198796581
CUST_8987,0.05337376923740062
CUST_8988,0.08554538043073795
CUST_8989,0.07067345322426073
CUST_8990,0.06575797471783525
CUST_8991,0.038898279236704296
CUST_8992,0.05013993021110885
CUST_8993,0.0844500558254419
CUST_8994,0.04470421389174678
CUST_8995,0.06947367188040432
CUST_8996,0.05213908092042174
CUST_8997,0.05990918603964509
CUST_8998,0.06586848245823951
CUST_8999,0.0830533681409934
CUST_9000,0.08061434478217319
CUST_9001,0.13087976841701643
CUST_9002,0.07707293336667909
CUST_9003,0.06690871205185184
CUST_9004,0.07922514189636164
CUST_9005,0.06175957855913485
CUST_9006,0.10102497042168883
CUST_9007,0.07379637006458063
CUST_9008,0.05186560136371521
CUST_9009,0.07472971678618429
CUST_9010,0.06995552820499702
CUST_9011,0.05409596883213811
CUST_9012,0.0773187329621164
CUST_9013,0.05471240938670435
CUST_9014,0.06777361066518146
CUST_9015,0.05380870732703766
CUST_9016,0.05517318177510985
CUST_9017,0.06747423429044823
CUST_9018,0.07198366945956035
CUST_9019,0.06575071739394635
CUST_9020,0.08610007143727834
CUST_9021,0.07310074648627579
CUST_9022,0.047276084541972234
CUST_9023,0.07984131092973724
CUST_9024,0.10033133469756422
CUST_9025,0.036427317959158746
CUST_9026,0.053522015779742575
CUST_9027,0.052977957539098564
CUST_9028,0.08192143280518893
CUST_9029,0.05603861282025043
CUST_9030,0.06866688119234572
CUST_9031,0.06372661615655532
CUST_9032,0.0725952351844114
CUST_9033,0.04267751934579141
CUST_9034,0.05594774103644968
CUST_9035,0.06375383218683559
CUST_9036,0.08176336569203195
CUST_9037,0.09190497123511093
CUST_9038,0.05170073019899279
CUST_9039,0.07892301519171416
CUST_9040,0.060009837642799456
CUST_9041,0.06206133083837371
CUST_9042,0.06391064772953339
CUST_9043,0.11047237723318325
CUST_9044,0.0628450621768198
CUST_9045,0.07088690574081125
CUST_9046,0.08413482343185558
CUST_9047,0.06891697333996584
CUST_9048,0.08222438566343455
CUST_9049,0.07475597365197724
CUST_9050,0.05745908801284031
CUST_9051,0.06629308765876596
CUST_9052,0.10219545465597
CUST_9053,0.07454376060120411
CUST_9054,0.05738106748286293
CUST_9055,0.07469666404837509
CUST_9056,0.03986557761958669
CUST_9057,0.06693045288946478
CUST_9058,0.049403258178572905
CUST_9059,0.04235367903621021
CUST_9060,0.05607407025078056
CUST_9061,0.07505261885384533
CUST_9062,0.05112901716374741
CUST_9063,0.06261984380177181
CUST_9064,0.06438508754062859
CUST_9065,0.0669124508818508
CUST_9066,0.08532397128723518
CUST_9067,0.07073218462970933
CUST_9068,0.07161695271890954
CUST_9069,0.07535740071230525
CUST_9070,0.06619290397790537
CUST_9071,0.05990418526096112
CUST_9072,0.13878289195686086
CUST_9073,0.047203433542366495
CUST_9074,0.0459971581668088
CUST_9075,0.07741380111934588
CUST_9076,0.08298033636533618
CUST_9077,0.058630272870682586
CUST_9078,0.08702633055268603
CUST_9079,0.08650457301838714
CUST_9080,0.0675595391303316
CUST_9081,0.09384277412440678
CUST_9082,0.043240447237109216
CUST_9083,0.12571430615831147
CUST_9084,0.058617815061228325
CUST_9085,0.06342835626238119
CUST_9086,0.06601404150984382
CUST_9087,0.05128663822311614
CUST_9088,0.06868090093714456
CUST_9089,0.07934299173997787
CUST_9090,0.09994277518374899
CUST_9091,0.15098286570060418
CUST_9092,0.05048548909804451
CUST_9093,0.08959736019039381
CUST_9094,0.07750562111486194
CUST_9095,0.04998077074460594
CUST_9096,0.08285962153768968
CUST_9097,0.1272327541433825
CUST_9098,0.06603938721881543
CUST_9099,0.038024477216983085
CUST_9100,0.09761682593867221
CUST_9101,0.06241153282563624
CUST_9102,0.06628130063327836
CUST_9103,0.12651854659053313
CUST_9104,0.0630741185420753
CUST_9105,0.0887074984068441
CUST_9106,0.048268612056389916
CUST_9107,0.04770621906117903
CUST_9108,0.06552179914348764
CUST_9109,0.05532840184646582
CUST_9110,0.054400377906668296
CUST_9111,0.06048451992704163
CUST_9112,0.03496567715189469
CUST_9113,0.04851152976852754
CUST_9114,0.04682737481071366
CUST_9115,0.053172411668179174
CUST_9116,0.09086563538167573
CUST_9117,0.08442454631185825
CUST_9118,0.0632465709115658
CUST_9119,0.0714781297355222
CUST_9120,0.07580116478259662
CUST_9121,0.10053268389511595
CUST_9122,0.0644096649192318
CUST_9123,0.07758247113511858
CUST_9124,0.08516392873769048
CUST_9125,0.06318821721056181
CUST_9126,0.08336533830191133
CUST_9127,0.05938116623663007
CUST_9128,0.05625876231853619
CUST_9129,0.033947549429917186
CUST_9130,0.13882761079064873
CUST_9131,0.08931111153783267
CUST_9132,0.07842356111480353
CUST_9133,0.07020845714721757
CUST_9134,0.052452908650345735
CUST_9135,0.061384370119667964
CUST_9136,0.17507168192676534
CUST_9137,0.056048540164242905
CUST_9138,0.06478604075265273
CUST_9139,0.05479017182845
CUST_9140,0.0579884670443099
CUST_9141,0.13397247788654354
CUST_9142,0.06916809351271623
CUST_9143,0.04194139704816193
CUST_9144,0.1323920806538698
CUST_9145,0.07011650856750763
CUST_9146,0.05524465446386571
CUST_9147,0.13213150321388592
CUST_9148,0.09025588353430299
CUST_9149,0.07870660049373315
CUST_9150,0.04750726013948159
CUST_9151,0.055155818252926155
CUST_9152,0.07236046010112576
CUST_9153,0.04598235483248903
CUST_9154,0.04875799440525625
CUST_9155,0.11085090536922383
CUST_9156,0.06344867730316882
CUST_9157,0.09326402450670795
CUST_9158,0.05118049831907456
CUST_9159,0.04138218233368249
CUST_9160,0.05661055048618289
CUST_9161,0.06889852580353904
CUST_9162,0.08752536109655701
CUST_9163,0.09068884740200851
CUST_9164,0.07329251294412535
CUST_9165,0.06458335388281383
CUST_9166,0.07310519649671636
CUST_9167,0.07933839254576092
CUST_9168,0.0824010918797388
CUST_9169,0.05737500376667739
CUST_9170,0.04898971003200265
CUST_9171,0.049493282903655685
CUST_9172,0.04365924128600135
CUST_9173,0.09167719286400332
CUST_9174,0.05409555972945205
CUST_9175,0.0720102258961278
CUST_9176,0.06847115225436619
CUST_9177,0.06063506893426004
CUST_9178,0.059240741629191795
CUST_9179,0.06113285737556188
CUST_9180,0.0750401876735123
CUST_9181,0.06759443195721325
CUST_9182,0.04197059284171444
CUST_9183,0.10130099916882536
CUST_9184,0.04045197723183034
CUST_9185,0.0738571633109893
CUST_9186,0.07177719039637832
CUST_9187,0.06212882219313296
CUST_9188,0.0728967100802294
CUST_9189,0.09093619858845754
CUST_9190,0.08822436911972804
CUST_9191,0.05221567124312377
CUST_9192,0.06561188902184828
CUST_9193,0.10010163158297027
CUST_9194,0.06462924707466998
CUST_9195,0.05493817442519657
CUST_9196,0.07321724537492193
CUST_9197,0.07152180226087397
CUST_9198,0.07275881199504698
CUST_9199,0.10152360376156899
CUST_9200,0.09020518234697818
CUST_9201,0.0876126133605788
CUST_9202,0.06320993611631746
CUST_9203,0.07155193947385803
CUST_9204,0.05417725858230497
CUST_9205,0.08334643966781174
CUST_9206,0.05213987040423614
CUST_9207,0.0679356407998261
CUST_9208,0.03673311659147463
CUST_9209,0.04373248057180438
CUST_9210,0.060666217648416586
CUST_9211,0.09854237329554945
CUST_9212,0.06054990341915223
CUST_9213,0.048261597411840156
CUST_9214,0.064091591760206
CUST_9215,0.05043727701956128
CUST_9216,0.07157160416473098
CUST_9217,0.0793971708436819
CUST_9218,0.08789738459263353
CUST_9219,0.06985873980650407
CUST_9220,0.04030673421618853
CUST_9221,0.086665483176815
CUST_9222,0.09193464477463355
CUST_9223,0.09120070670644558
CUST_9224,0.06819227331013475
CUST_9225,0.09284787370939729
CUST_9226,0.07399277031512651
CUST_9227,0.06497940289575273
CUST_9228,0.12418057802284971
CUST_9229,0.07750342796664904
CUST_9230,0.04700941836575293
CUST_9231,0.05628346176421678
CUST_9232,0.06419934608992924
CUST_9233,0.05831097602125226
CUST_9234,0.04037910097372115
CUST_9235,0.09717422094779071
CUST_9236,0.055328564629636014
CUST_9237,0.08128803629208298
CUST_9238,0.0801236868606721
CUST_9239,0.09743815751864066
CUST_9240,0.06582672599719662
CUST_9241,0.06370759252960619
CUST_9242,0.0818964212312016
CUST_9243,0.07422971324128823
CUST_9244,0.08553271502856478
CUST_9245,0.043981779450628034
CUST_9246,0.05326935306238261
CUST_9247,0.07037637184431987
CUST_9248,0.07396670747248014
CUST_9249,0.07515152920004758
CUST_9250,0.05872060590844174
CUST_9251,0.09016720492581547
CUST_9252,0.06249963719573159
CUST_9253,0.06507470882551959
CUST_9254,0.06498691606069384
CUST_9255,0.06575523499134882
CUST_9256,0.16463248622218501
CUST_9257,0.05970725531356765
CUST_9258,0.09954507818605485
CUST_9259,0.0714415524559133
CUST_9260,0.05691607632975065
CUST_9261,0.05399683930155397
CUST_9262,0.07468908223787572
CUST_9263,0.057843215140883454
CUST_9264,0.03891152680052687
CUST_9265,0.06810688310420861
CUST_9266,0.0615970991807771
CUST_9267,0.06703992719274793
CUST_9268,0.0554833981623205
CUST_9269,0.06672704603029724
CUST_9270,0.044545903670727464
CUST_9271,0.0663926772653466
CUST_9272,0.07410889878042894
CUST_9273,0.045534829627859326
CUST_9274,0.07614003055275607
CUST_9275,0.10726415913789857
CUST_9276,0.05902959292972542
CUST_9277,0.06459764254599124
CUST_9278,0.10249963108142009
CUST_9279,0.09357622374579015
CUST_9280,0.046647681980481775
CUST_9281,0.06898348398758096
CUST_9282,0.12311881916261659
CUST_9283,0.14095604024842015
CUST_9284,0.05669440241064696
CUST_9285,0.053323142172300324
CUST_9286,0.051152798129924786
CUST_9287,0.057684386161876135
CUST_9288,0.0800286267378781
CUST_9289,0.08226777582708887
CUST_9290,0.06588780062379777
CUST_9291,0.12605906794794108
CUST_9292,0.06768070710092987
CUST_9293,0.06016618559490994
CUST_9294,0.08405872524070929
CUST_9295,0.039743296714259795
CUST_9296,0.056991664051059626
CUST_9297,0.07431559488812417
CUST_9298,0.179867533639558
CUST_9299,0.08724351167829116
CUST_9300,0.08298409871449093
CUST_9301,0.07710947082705445
CUST_9302,0.06593137225242358
CUST_9303,0.13625352328866366
CUST_9304,0.0672106330004657
CUST_9305,0.054553806799633044
CUST_9306,0.17303611246248607
CUST_9307,0.07998011697177783
CUST_9308,0.08142523868326056
CUST_9309,0.06499773360011622
CUST_9310,0.0476684298111388
CUST_9311,0.07630238319463768
CUST_9312,0.06574967214408142
CUST_9313,0.05905334951377273
CUST_9314,0.05336050568069409
CUST_9315,0.0523025261318285
CUST_9316,0.08196197032366925
CUST_9317,0.11324909825110253
CUST_9318,0.06153557632436279
CUST_9319,0.09479363107761478
CUST_9320,0.10411016765221416
CUST_9321,0.03690373177314605
CUST_9322,0.0501706978630917
CUST_9323,0.09103647894642615
CUST_9324,0.10512545955414947
CUST_9325,0.0862262173334231
CUST_9326,0.0955129002522462
CUST_9327,0.07686819883063431
CUST_9328,0.11961194343546995
CUST_9329,0.06258741417286497
CUST_9330,0.066232248026944
CUST_9331,0.1148531271722129
CUST_9332,0.06623662013178243
CUST_9333,0.04906612210755918
CUST_9334,0.09411491036677865
CUST_9335,0.07163326512617071
CUST_9336,0.06475287041376583
CUST_9337,0.10204681354940914
CUST_9338,0.07963271740505073
CUST_9339,0.07778327849717397
CUST_9340,0.09570403014353075
CUST_9341,0.0642706138666165
CUST_9342,0.06454548777078695
CUST_9343,0.0541682707988263
CUST_9344,0.06561825969525457
CUST_9345,0.07297862323194698
CUST_9346,0.08952155273768558
CUST_9347,0.055612666340024985
CUST_9348,0.08179502852908062
CUST_9349,0.05130552072475883
CUST_9350,0.15912276808270007
CUST_9351,0.14039217613240318
CUST_9352,0.10779332680653958
CUST_9353,0.0595619644044251
CUST_9354,0.08432646429907527
CUST_9355,0.07868273569471995
CUST_9356,0.052516822294681846
CUST_9357,0.052562752251089716
CUST_9358,0.04501207172198208
CUST_9359,0.09015814178563454
CUST_9360,0.03990100178664937
CUST_9361,0.0871264532307537
CUST_9362,0.07540174139298618
CUST_9363,0.08577025230598778
CUST_9364,0.056627234128548094
CUST_9365,0.09075971265489953
CUST_9366,0.09472027789931277
CUST_9367,0.06741181600494583
CUST_9368,0.05661515169352901
CUST_9369,0.052401738507476835
CUST_9370,0.07629503672291305
CUST_9371,0.14022217976550663
CUST_9372,0.07428897547447667
CUST_9373,0.05617740667195706
CUST_9374,0.06874195052519584
CUST_9375,0.0818299321352031
CUST_9376,0.07412255749425066
CUST_9377,0.08590554467472088
CUST_9378,0.04924942698219592
CUST_9379,0.23285992506777844
CUST_9380,0.048570482587980766
CUST_9381,0.07958888192467069
CUST_9382,0.08254569376130824
CUST_9383,0.06376897712138714
CUST_9384,0.06778731878756329
CUST_9385,0.04821545063367758
CUST_9386,0.06189208284585072
CUST_9387,0.10122929756236236
CUST_9388,0.05066820349091964
CUST_9389,0.08004964278679391
CUST_9390,0.09132693053169183
CUST_9391,0.06351433809227333
CUST_9392,0.09499858723565457
CUST_9393,0.057321273446274155
CUST_9394,0.05800402249063841
CUST_9395,0.04732398980043104
CUST_9396,0.05055965993114495
CUST_9397,0.08385934719162845
CUST_9398,0.07932887958129185
CUST_9399,0.05638893989760558
CUST_9400,0.060912181253992864
CUST_9401,0.047243612853172745
CUST_9402,0.08242734220944041
CUST_9403,0.07904912096247331
CUST_9404,0.06053727583874314
CUST_9405,0.0795789668634059
CUST_9406,0.06406376852012154
CUST_9407,0.040290793663031614
CUST_9408,0.0915047723054065
CUST_9409,0.04536379267620006
CUST_9410,0.07668922788274922
CUST_9411,0.06918110022722684
CUST_9412,0.078931691694025
CUST_9413,0.059050855676403745
CUST_9414,0.05245589775062154
CUST_9415,0.05833104220242191
CUST_9416,0.0955929300547952
CUST_9417,0.07603391975439759
CUST_9418,0.119901344695809
CUST_9419,0.080168857832014
CUST_9420,0.04253119177568323
CUST_9421,0.07100628194520048
CUST_9422,0.05282309718078809
CUST_9423,0.10151779302240994
CUST_9424,0.058395878547518786
CUST_9425,0.1341076883402528
CUST_9426,0.07649656186169404
CUST_9427,0.049117001227309935
CUST_9428,0.08595877253639528
CUST_9429,0.05633198593747629
CUST_9430,0.04761153417471523
CUST_9431,0.06993345371459463
CUST_9432,0.06331306051890222
CUST_9433,0.0539716077366674
CUST_9434,0.052821181423267693
CUST_9435,0.09305864436294163
CUST_9436,0.06246836167320582
CUST_9437,0.056385365551530814
CUST_9438,0.07070741465450443
CUST_9439,0.06403710773062736
CUST_9440,0.1254752576052901
CUST_9441,0.0532990240300286
CUST_9442,0.05372855819078521
CUST_9443,0.06308551428376058
CUST_9444,0.10485266103078454
CUST_9445,0.10751353113100799
CUST_9446,0.04952703039248163
CUST_9447,0.0791581322064734
CUST_9448,0.06771372982802194
CUST_9449,0.05988849963548679
CUST_9450,0.10670820774319045
CUST_9451,0.04995018008542048
CUST_9452,0.050698876114405426
CUST_9453,0.05025008028653493
CUST_9454,0.05296924711382353
CUST_9455,0.07428249689619444
CUST_9456,0.10716004659443769
CUST_9457,0.07005827652792285
CUST_9458,0.08888411394677315
CUST_9459,0.06282895788072937
CUST_9460,0.07479485769770318
CUST_9461,0.08981318981791442
CUST_9462,0.04705067645726881
CUST_9463,0.056325818436028526
CUST_9464,0.07182731845565313
CUST_9465,0.09080173135148893
CUST_9466,0.0415592207918863
CUST_9467,0.048750940758516936
CUST_9468,0.07185276504695365
CUST_9469,0.05127101393744204
CUST_9470,0.05749334122068572
CUST_9471,0.08386234632036164
CUST_9472,0.10397163408224996
CUST_9473,0.07275714947125965
CUST_9474,0.06003994348479549
CUST_9475,0.1057117667349291
CUST_9476,0.10441797827950206
CUST_9477,0.05098072284076715
CUST_9478,0.08093788528604984
CUST_9479,0.14462898756660772
CUST_9480,0.1474035275300002
CUST_9481,0.07859590491830959
CUST_9482,0.08679871292547937
CUST_9483,0.07358341624488789
CUST_9484,0.12172639783557142
CUST_9485,0.056316053381787766
CUST_9486,0.07458263635542638
CUST_9487,0.04728866599998883
CUST_9488,0.05918533820258054
CUST_9489,0.06779976162631761
CUST_9490,0.07671777313819067
CUST_9491,0.07373228240249581
CUST_9492,0.09043221160667786
CUST_9493,0.05156412978546011
CUST_9494,0.057434753200958234
CUST_9495,0.05856678608429286
CUST_9496,0.04778492812756735
CUST_9497,0.047327242730477725
CUST_9498,0.13691878991640302
CUST_9499,0.07976700882234773
CUST_9500,0.04119242957027713
CUST_9501,0.04211314508967981
CUST_9502,0.04985257844977603
CUST_9503,0.1023499360536243
CUST_9504,0.13816348815816165
CUST_9505,0.05810426788248004
CUST_9506,0.07206352591761067
CUST_9507,0.07640717839577532
CUST_9508,0.12176489068684755
CUST_9509,0.07353759674515
CUST_9510,0.06445212593303756
CUST_9511,0.06376032756939835
CUST_9512,0.06978993940620963
CUST_9513,0.053675098652061985
CUST_9514,0.0630363913304743
CUST_9515,0.07623306576174385
CUST_9516,0.12462194990748787
CUST_9517,0.13597553274851912
CUST_9518,0.04113734831783999
CUST_9519,0.03915947077390197
CUST_9520,0.06515283824200813
CUST_9521,0.04637974217558873
CUST_9522,0.08069620873653316
CUST_9523,0.06306790228796959
CUST_9524,0.067567055690006
CUST_9525,0.0933985411312677
CUST_9526,0.0604151888357233
CUST_9527,0.06707895970351506
CUST_9528,0.0662122058645949
CUST_9529,0.09395850025437918
CUST_9530,0.0623172031833247
CUST_9531,0.03910221242615675
CUST_9532,0.06137125499321353
CUST_9533,0.04099677838892852
CUST_9534,0.08437588212757942
CUST_9535,0.058283658253580756
CUST_9536,0.05768647719065798
CUST_9537,0.1056645719211186
CUST_9538,0.07126586586314548
CUST_9539,0.09887746159095234
CUST_9540,0.066124486688611
CUST_9541,0.09378436865350538
CUST_9542,0.07751212698820521
CUST_9543,0.07060681542828474
CUST_9544,0.06673899608859221
CUST_9545,0.06221959542354125
CUST_9546,0.07528230585116807
CUST_9547,0.08228071600963588
CUST_9548,0.0836384976241894
CUST_9549,0.05731035813407078
CUST_9550,0.05715267282888272
CUST_9551,0.04832116540737794
CUST_9552,0.038975964488875164
CUST_9553,0.057653750856323786
CUST_9554,0.12892246611919142
CUST_9555,0.06001454651989099
CUST_9556,0.08408671788681071
CUST_9557,0.14896425319394857
CUST_9558,0.048371698466624764
CUST_9559,0.07235172742671862
CUST_9560,0.06678512718020622
CUST_9561,0.11951324100467935
CUST_9562,0.08529562399978181
CUST_9563,0.057724897224132786
CUST_9564,0.07436877121301053
CUST_9565,0.08431216480000758
CUST_9566,0.06623400005670482
CUST_9567,0.0702153740944275
CUST_9568,0.06921215349153585
CUST_9569,0.100678379068466
CUST_9570,0.11650222265158235
CUST_9571,0.05399727114844566
CUST_9572,0.09131786664131802
CUST_9573,0.08161751424899644
CUST_9574,0.10319942963348543
CUST_9575,0.13210296609028055
CUST_9576,0.061101784282933225
CUST_9577,0.05093845826882868
CUST_9578,0.09626068906603368
CUST_9579,0.05018515280987868
CUST_9580,0.09931697963397161
CUST_9581,0.0729808352709374
CUST_9582,0.07181141116386673
CUST_9583,0.05822782731568335
CUST_9584,0.06244203733706302
CUST_9585,0.048774990778951956
CUST_9586,0.10293106637547135
CUST_9587,0.06546584408867634
CUST_9588,0.08151862816613283
CUST_9589,0.08884967547957227
CUST_9590,0.05888350006346272
CUST_9591,0.0784742512479627
CUST_9592,0.07101920816184872
CUST_9593,0.08347492907364167
CUST_9594,0.05995816121811478
CUST_9595,0.041364892938729546
CUST_9596,0.10670901462315852
CUST_9597,0.18157211283732289
CUST_9598,0.09503870179137613
CUST_9599,0.050799990090795326
CUST_9600,0.04349183394754871
CUST_9601,0.07731226925259009
CUST_9602,0.05917872287527822
CUST_9603,0.06196880940212763
CUST_9604,0.05721140915649404
CUST_9605,0.04595409652605509
CUST_9606,0.10464952609866633
CUST_9607,0.08581807078323678
CUST_9608,0.08858540859633666
CUST_9609,0.1544536748514748
CUST_9610,0.0471717157310953
CUST_9611,0.10498212730983557
CUST_9612,0.0694324258295924
CUST_9613,0.09690143582476068
CUST_9614,0.10657167051835635
CUST_9615,0.08253744055726352
CUST_9616,0.053491072339982064
CUST_9617,0.08932703522778024
CUST_9618,0.06844050643649863
CUST_9619,0.08671382660925146
CUST_9620,0.0899574075616822
CUST_9621,0.06664197720291169
CUST_9622,0.06667361230294791
CUST_9623,0.04540463751948106
CUST_9624,0.060268047073672164
CUST_9625,0.06822662276769421
CUST_9626,0.0715188465223086
CUST_9627,0.0388858811261831
CUST_9628,0.10491642821075496
CUST_9629,0.12726233213709762
CUST_9630,0.05873926322606179
CUST_9631,0.052084603464376544
CUST_9632,0.0675705438093508
CUST_9633,0.081479590798879
CUST_9634,0.048398697227808186
CUST_9635,0.10029299514865282
CUST_9636,0.06819490737618918
CUST_9637,0.054915851248504816
CUST_9638,0.028890916077520187
CUST_9639,0.0726439470583808
CUST_9640,0.05605340728472469
CUST_9641,0.08719482767201668
CUST_9642,0.06364301030347391
CUST_9643,0.152684011794168
CUST_9644,0.09926710239918236
CUST_9645,0.07675837019320889
CUST_9646,0.06136495203447062
CUST_9647,0.0691642077784906
CUST_9648,0.12380893974243956
CUST_9649,0.06741729482496926
CUST_9650,0.06933323346978076
CUST_9651,0.04753541208669022
CUST_9652,0.11992025066935912
CUST_9653,0.17751923445498166
CUST_9654,0.08535971536210459
CUST_9655,0.06750665427975815
CUST_9656,0.06081513332193949
CUST_9657,0.10537885723120384
CUST_9658,0.08843230051197193
CUST_9659,0.08135461113998978
CUST_9660,0.05099014053215248
CUST_9661,0.06366576545254538
CUST_9662,0.06078865380756829
CUST_9663,0.08334439651065799
CUST_9664,0.04967746408805887
CUST_9665,0.04817980563161619
CUST_9666,0.0855941823620554
CUST_9667,0.06437309623507634
CUST_9668,0.07751172089370846
CUST_9669,0.0737789879118186
CUST_9670,0.051852277487519825
CUST_9671,0.09033357066787938
CUST_9672,0.06504921671236653
CUST_9673,0.07579116902865048
CUST_9674,0.10745135093752728
CUST_9675,0.0938857022992627
CUST_9676,0.07045917707726873
CUST_9677,0.06422558107485125
CUST_9678,0.059748696906629706
CUST_9679,0.058532600161923416
CUST_9680,0.06852967853743733
CUST_9681,0.06205973017998512
CUST_9682,0.06874592814072764
CUST_9683,0.059583646311115145
CUST_9684,0.07113354070640988
CUST_9685,0.09569033522148644
CUST_9686,0.09632032282089133
CUST_9687,0.05259559003482311
CUST_9688,0.06450112725565016
CUST_9689,0.07329378084823084
CUST_9690,0.07963740329281703
CUST_9691,0.07307650903276258
CUST_9692,0.1754490861316764
CUST_9693,0.08134100712520102
CUST_9694,0.05226111122001884
CUST_9695,0.05790102418811438
CUST_9696,0.07005276538445332
CUST_9697,0.08136623067038229
CUST_9698,0.15830658920269017
CUST_9699,0.0552634662706891
CUST_9700,0.06176983525382513
CUST_9701,0.0786883085697984
CUST_9702,0.0772364439741522
CUST_9703,0.05599429699946213
CUST_9704,0.061549356391063154
CUST_9705,0.06661124519632765
CUST_9706,0.06139446839972341
CUST_9707,0.07510887304166876
CUST_9708,0.06018813618616845
CUST_9709,0.049987304826264484
CUST_9710,0.06831579751432572
CUST_9711,0.05641878400579745
CUST_9712,0.05270140140323359
CUST_9713,0.06310549747265327
CUST_9714,0.0693182342659641
CUST_9715,0.0559342999562036
CUST_9716,0.07099313634462548
CUST_9717,0.09880015028667395
CUST_9718,0.05450864025921962
CUST_9719,0.10654701766571582
CUST_9720,0.04378507009082385
CUST_9721,0.07329180883148624
CUST_9722,0.08791113368721411
CUST_9723,0.10134193279987307
CUST_9724,0.05242921595519703
CUST_9725,0.06853448092278648
CUST_9726,0.06733673104268072
CUST_9727,0.07186093610440412
CUST_9728,0.059917611871141585
CUST_9729,0.13616664332005635
CUST_9730,0.059627806068413974
CUST_9731,0.06419246031519411
CUST_9732,0.08220360025630437
CUST_9733,0.07609895960568809
CUST_9734,0.07387433804091756
CUST_9735,0.05373796753173588
CUST_9736,0.06547772075277088
CUST_9737,0.09418049826319674
CUST_9738,0.08164173663711494
CUST_9739,0.07813631408884816
CUST_9740,0.07433622667317101
CUST_9741,0.08067512810326759
CUST_9742,0.10086487519399846
CUST_9743,0.05105963052861728
CUST_9744,0.03290096393631243
CUST_9745,0.17854412445196813
CUST_9746,0.06055389484976124
CUST_9747,0.06670241481067903
CUST_9748,0.08200305445242176
CUST_9749,0.07448220964469808
CUST_9750,0.07553718495088858
CUST_9751,0.08804849982125777
CUST_9752,0.09238211178913104
CUST_9753,0.08382115334961572
CUST_9754,0.07719914507608752
CUST_9755,0.0294863560133571
CUST_9756,0.06263051697285336
CUST_9757,0.0466732882431029
CUST_9758,0.08601402780149714
CUST_9759,0.06186618655146566
CUST_9760,0.08039253622968488
CUST_9761,0.0715735987287781
CUST_9762,0.05811817848711176
CUST_9763,0.06296515455903659
CUST_9764,0.051785492826716344
CUST_9765,0.05011291423899835
CUST_9766,0.0795488681644128
CUST_9767,0.056150264310868704
CUST_9768,0.05041204625112289
CUST_9769,0.060794720980407974
CUST_9770,0.0725493114565025
CUST_9771,0.04809760244817479
CUST_9772,0.07879652550020626
CUST_9773,0.061191797127993074
CUST_9774,0.053515987433164276
CUST_9775,0.05467870754434251
CUST_9776,0.056698125291625955
CUST_9777,0.047689389351506066
CUST_9778,0.07402096374850783
CUST_9779,0.10672918400565969
CUST_9780,0.06920831215987629
CUST_9781,0.05251407167427715
CUST_9782,0.07598317777210654
CUST_9783,0.08682527549576213
CUST_9784,0.07276590982265632
CUST_9785,0.0819245121932936
CUST_9786,0.05978785224054276
CUST_9787,0.060036230083004606
CUST_9788,0.052687105286710036
CUST_9789,0.0716714814603162
CUST_9790,0.0658112809937318
CUST_9791,0.05491275587000141
CUST_9792,0.09799306776911766
CUST_9793,0.08327250153167859
CUST_9794,0.07056450317461978
CUST_9795,0.0562229278440446
CUST_9796,0.0896415979964736
CUST_9797,0.057721203295428396
CUST_9798,0.055976380052163655
CUST_9799,0.03870953327961534
CUST_9800,0.066242619363294
CUST_9801,0.060554665890925626
CUST_9802,0.05467234431803239
CUST_9803,0.055839251867743016
CUST_9804,0.06109050390917558
CUST_9805,0.05266026976847237
CUST_9806,0.07440763694753605
CUST_9807,0.08749270022877477
CUST_9808,0.06445304995135508
CUST_9809,0.07530629729554827
CUST_9810,0.0610214579054709
CUST_9811,0.07966514456125283
CUST_9812,0.10181107008101742
CUST_9813,0.051478210681678425
CUST_9814,0.06653319526809019
CUST_9815,0.039333403903566475
CUST_9816,0.08845721683631184
CUST_9817,0.05772898923735901
CUST_9818,0.0634288663626458
CUST_9819,0.12106546249535415
CUST_9820,0.06134495814869268
CUST_9821,0.0615337473314563
CUST_9822,0.05544681118294095
CUST_9823,0.060888445899678754
CUST_9824,0.060763547085866454
CUST_9825,0.06666200184630684
CUST_9826,0.08276673695822505
CUST_9827,0.07762283709118604
CUST_9828,0.06074909625515743
CUST_9829,0.049964306007293714
CUST_9830,0.057797883477583405
CUST_9831,0.039885411170721065
CUST_9832,0.10646813857442644
CUST_9833,0.05817831541150387
CUST_9834,0.11077690796154464
CUST_9835,0.06177060841254076
CUST_9836,0.04669815289623725
CUST_9837,0.07421010110881296
CUST_9838,0.07909423283422284
CUST_9839,0.06005388052068769
CUST_9840,0.10891830015253273
CUST_9841,0.11208649784505909
CUST_9842,0.049925621695707155
CUST_9843,0.0803949893059115
CUST_9844,0.04731576936652745
CUST_9845,0.071678255207007
CUST_9846,0.06009496104003469
CUST_9847,0.07854601257700672
CUST_9848,0.06740221872884496
CUST_9849,0.10254627454085839
CUST_9850,0.05554045508238842
CUST_9851,0.04343589311041721
CUST_9852,0.15707040616979526
CUST_9853,0.10002294699175712
CUST_9854,0.04017924351698066
CUST_9855,0.05594281361747635
CUST_9856,0.05892246033311684
CUST_9857,0.060436555239763635
CUST_9858,0.03823610313999978
CUST_9859,0.10461340562616152
CUST_9860,0.06485598182301368
CUST_9861,0.0759472646069529
CUST_9862,0.05408080119685043
CUST_9863,0.08030055618051568
CUST_9864,0.058443610742989545
CUST_9865,0.07865508679619329
CUST_9866,0.12005717895447902
CUST_9867,0.07174186062473632
CUST_9868,0.07478181953736189
CUST_9869,0.062400662638600425
CUST_9870,0.09662084840189435
CUST_9871,0.0812804556373206
CUST_9872,0.04773399283107763
CUST_9873,0.11064321038153546
CUST_9874,0.08815540342696254
CUST_9875,0.0668962845202969
CUST_9876,0.07068608878204109
CUST_9877,0.08435430637600246
CUST_9878,0.06887907220540977
CUST_9879,0.03463678507297382
CUST_9880,0.0422344882188341
CUST_9881,0.08341329809145116
CUST_9882,0.05556550663145807
CUST_9883,0.044678795598567744
CUST_9884,0.05627071748501722
CUST_9885,0.09962928924679453
CUST_9886,0.06167179571676321
CUST_9887,0.12809473528273943
CUST_9888,0.0477785313089906
CUST_9889,0.07170404173894963
CUST_9890,0.09832394416572586
CUST_9891,0.06536216028108766
CUST_9892,0.06003735200348523
CUST_9893,0.09602760123309693
CUST_9894,0.06709441236988492
CUST_9895,0.06149330134252373
CUST_9896,0.07863675057723955
CUST_9897,0.05735872139501747
CUST_9898,0.04255140198442934
CUST_9899,0.04845229369103479
CUST_9900,0.06716278378093593
CUST_9901,0.049523943360259885
CUST_9902,0.06427730211741825
CUST_9903,0.07292443992871074
CUST_9904,0.061793495813770166
CUST_9905,0.05798810016146075
CUST_9906,0.06460232114076127
CUST_9907,0.1568949630808538
CUST_9908,0.08319794219877887
CUST_9909,0.08190658303598887
CUST_9910,0.06939357164011314
CUST_9911,0.09503346364330556
CUST_9912,0.1109606646606679
CUST_9913,0.07586183216518212
CUST_9914,0.09107444690263257
CUST_9915,0.11013860269843812
CUST_9916,0.08972413776590078
CUST_9917,0.04531862265449663
CUST_9918,0.06012437223842552
CUST_9919,0.0798260354253854
CUST_9920,0.07174444729731837
CUST_9921,0.07381979673779102
CUST_9922,0.06356040033352273
CUST_9923,0.10183287382474278
CUST_9924,0.11166174516938765
CUST_9925,0.08423853745009335
CUST_9926,0.08187739497291471
CUST_9927,0.04616277055974836
CUST_9928,0.06782675731951314
CUST_9929,0.047498527171282064
CUST_9930,0.09777208063183362
CUST_9931,0.042747233700755026
CUST_9932,0.09213385610670494
CUST_9933,0.06954558734343876
CUST_9934,0.0795918377165777
CUST_9935,0.051087012368355854
CUST_9936,0.06695754569390125
CUST_9937,0.053003703536086764
CUST_9938,0.06033354591981705
CUST_9939,0.07831174122858052
CUST_9940,0.05824451152034
CUST_9941,0.05691137716818694
CUST_9942,0.04774512414571295
CUST_9943,0.0574734630530967
CUST_9944,0.0675553876569568
CUST_9945,0.0613791392793169
CUST_9946,0.07739339124579916
CUST_9947,0.05693050748257756
CUST_9948,0.06035451737894219
CUST_9949,0.14463268057707224
CUST_9950,0.08897946091740289
CUST_9951,0.054578925655253796
CUST_9952,0.04943108312798156
CUST_9953,0.07382892555136567
CUST_9954,0.06849539128758798
CUST_9955,0.0642010327846179
CUST_9956,0.06410668287999177
CUST_9957,0.07319413694592848
CUST_9958,0.06219682862214946
CUST_9959,0.06196946159344554
CUST_9960,0.09317925402849236
CUST_9961,0.052008202433570606
CUST_9962,0.04840255628370904
CUST_9963,0.05981060552974051
CUST_9964,0.09935225063085291
CUST_9965,0.061778901910974876
CUST_9966,0.04857392852504489
CUST_9967,0.07868122799020166
CUST_9968,0.06731506265348672
CUST_9969,0.09063069425085234
CUST_9970,0.0554410582935549
CUST_9971,0.048594378724997306
CUST_9972,0.08703239654206295
CUST_9973,0.14505757551104634
CUST_9974,0.08411905816651
CUST_9975,0.07837706959955003
CUST_9976,0.07058594924845547
CUST_9977,0.07983344567382873
CUST_9978,0.13403155814250342
CUST_9979,0.04666127223358315
CUST_9980,0.07099945905179805
CUST_9981,0.07348224977472956
CUST_9982,0.09166833019685518
CUST_9983,0.059354976421716506
CUST_9984,0.08059063482513897
CUST_9985,0.04822307393019969
CUST_9986,0.06811605913064622
CUST_9987,0.12125493380055691
CUST_9988,0.062351623709980146
CUST_9989,0.05926298275113736
CUST_9990,0.0557267158908736
CUST_9991,0.07439554925795062
CUST_9992,0.12334721494139193
CUST_9993,0.05425355397498081
CUST_9994,0.05542181865739443
CUST_9995,0.08318528756825082
CUST_9996,0.07140513934067026
CUST_9997,0.03910184704327971
CUST_9998,0.09160934692990659
CUST_9999,0.08790448616767242
